enrollment_id,facility_id,enrollment_month,age_band,enrolled_count,subsidized_count,record_created
ENR000001,FAC0001,2025-01,Preschool,13,7,2025-01-01
ENR000002,FAC0001,2025-01,School-Age,34,26,2025-01-09
ENR000003,FAC0001,2025-02,Preschool,10,6,2025-02-25
ENR000004,FAC0001,2025-02,Infant,11,4,2025-02-18
ENR000005,FAC0001,2025-02,Kindergarten,13,10,2025-02-08
ENR000006,FAC0001,2025-02,School-Age,9,4,2025-02-23
ENR000007,FAC0001,2025-03,Kindergarten,30,17,2025-03-01
ENR000008,FAC0001,2025-03,Toddler,20,11,2025-03-12
ENR000009,FAC0001,2025-04,Kindergarten,13,7,2025-04-08
ENR000010,FAC0001,2025-04,School-Age,11,4,2025-04-04
ENR000011,FAC0001,2025-04,Preschool,6,4,2025-04-26
ENR000012,FAC0001,2025-04,Infant,6,3,2025-04-07
ENR000013,FAC0001,2025-05,Toddler,10,4,2025-05-15
ENR000014,FAC0001,2025-05,Kindergarten,11,10,2025-05-19
ENR000015,FAC0001,2025-05,School-Age,18,10,2025-05-14
ENR000016,FAC0001,2025-06,Toddler,23,15,2025-06-17
ENR000017,FAC0001,2025-06,Preschool,33,26,2025-06-08
ENR000018,FAC0001,2025-07,Infant,26,13,2025-07-01
ENR000019,FAC0001,2025-07,Kindergarten,9,7,2025-07-06
ENR000020,FAC0001,2025-08,Infant,23,13,2025-08-20
ENR000021,FAC0001,2025-08,School-Age,11,8,2025-08-09
ENR000022,FAC0001,2025-09,Infant,12,8,2025-09-03
ENR000023,FAC0001,2025-09,School-Age,7,3,2025-09-15
ENR000024,FAC0001,2025-09,Preschool,9,8,2025-09-25
ENR000025,FAC0001,2025-09,Toddler,13,5,2025-09-02
ENR000026,FAC0001,2025-10,Kindergarten,18,9,2025-10-01
ENR000027,FAC0001,2025-10,Preschool,29,26,2025-10-23
ENR000028,FAC0001,2025-11,Kindergarten,20,12,2025-11-11
ENR000029,FAC0001,2025-11,Preschool,19,16,2025-11-18
ENR000030,FAC0001,2025-11,Infant,11,6,2025-11-02
ENR000031,FAC0001,2025-12,Toddler,12,5,2025-12-22
ENR000032,FAC0001,2025-12,School-Age,7,3,2025-12-07
ENR000033,FAC0001,2025-12,Infant,9,7,2025-12-03
ENR000034,FAC0001,2025-12,Preschool,11,10,2025-12-01
ENR000035,FAC0002,2025-01,Infant,28,22,2025-01-06
ENR000036,FAC0002,2025-01,Preschool,33,18,2025-01-06
ENR000037,FAC0002,2025-01,School-Age,27,17,2025-01-18
ENR000038,FAC0002,2025-01,Kindergarten,22,15,2025-01-10
ENR000039,FAC0002,2025-02,Preschool,25,11,2025-02-27
ENR000040,FAC0002,2025-02,Kindergarten,47,38,2025-02-14
ENR000041,FAC0002,2025-02,Infant,-5,17,2025-02-13
ENR000042,FAC0002,2025-03,School-Age,73,0,2025-03-05
ENR000043,FAC0002,2025-03,Infant,36,23,2025-03-01
ENR000044,FAC0002,2025-04,Infant,66,37,2025-04-06
ENR000045,FAC0002,2025-04,Toddler,28,11,2025-04-16
ENR000046,FAC0002,2025-05,Kindergarten,4,2,2025-05-05
ENR000047,FAC0002,2025-05,Preschool,32,17,2025-05-12
ENR000048,FAC0002,2025-05,Infant,9,6,2025-05-16
ENR000049,FAC0002,2025-05,School-Age,25,14,2025-05-23
ENR000050,FAC0002,2025-06,Preschool,36,32,2025-06-28
ENR000051,FAC0002,2025-06,School-Age,43,17,2025-06-10
ENR000052,FAC0002,2025-06,Infant,34,24,2025-06-19
ENR000053,FAC0002,2025-07,Preschool,46,35,2025-07-04
ENR000054,FAC0002,2025-07,School-Age,48,19,2025-07-02
ENR000055,FAC0002,2025-07,Kindergarten,21,10,2025-07-25
ENR000056,FAC0002,2025-08,Toddler,32,18,2025-08-25
ENR000057,FAC0002,2025-08,Infant,31,21,2025-08-04
ENR000058,FAC0002,2025-09,Toddler,7,4,2025-09-06
ENR000059,FAC0002,2025-09,Infant,25,16,2025-09-20
ENR000060,FAC0002,2025-09,Preschool,15,10,2025-09-18
ENR000061,FAC0002,2025-09,School-Age,27,15,06/15/2025
ENR000062,FAC0002,2025-10,Preschool,23,19,2025-10-27
ENR000063,FAC0002,2025-10,School-Age,28,19,2025-10-13
ENR000064,FAC0002,2025-10,Toddler,10,8,2025-10-28
ENR000065,FAC0002,2025-10,Infant,28,16,2025-10-02
ENR000066,FAC0002,2025-11,School-Age,11,10,2025-11-01
ENR000067,FAC0002,2025-11,Toddler,24,19,2025-11-23
ENR000068,FAC0002,2025-11,Infant,15,11,2025-11-01
ENR000069,FAC0002,2025-12,Infant,11,8,2025-12-25
ENR000070,FAC0002,2025-12,School-Age,11,8,2025-12-22
ENR000071,FAC0002,2025-12,Preschool,22,20,2025-12-24
ENR000072,FAC0003,2025-01,School-Age,6,2,2025-01-13
ENR000073,FAC0003,2025-01,Infant,53,43,2025-01-18
ENR000074,FAC0003,2025-02,Toddler,39,23,2025-02-08
ENR000075,FAC0003,2025-02,Infant,31,26,2025-02-17
ENR000076,FAC0003,2025-02,School-Age,43,27,2025-02-16
ENR000077,FAC0003,2025-03,Toddler,11,5,2025-03-05
ENR000078,FAC0003,2025-03,School-Age,23,9,2025-03-19
ENR000079,FAC0003,2025-03,Infant,42,18,2025-03-06
ENR000080,FAC0003,2025-04,Toddler,24,12,2025-04-07
ENR000081,FAC0003,2025-04,Kindergarten,15,11,2025-04-12
ENR000082,FAC0003,2025-04,Infant,19,14,2025-04-04
ENR000083,FAC0003,2025-05,Kindergarten,24,11,2025-05-17
ENR000084,FAC0003,2025-05,Toddler,21,11,2025-05-09
ENR000085,FAC0003,2025-05,School-Age,22,13,2025-05-15
ENR000086,FAC0003,2025-05,Infant,12,11,2025-05-11
ENR000087,FAC0003,2025-06,Kindergarten,35,15,2025-06-06
ENR000088,FAC0003,2025-06,Preschool,37,35,2025-06-06
ENR000089,FAC0003,2025-07,School-Age,43,38,2025-07-21
ENR000090,FAC0003,2025-07,Preschool,45,40,2025-07-15
ENR000091,FAC0003,2025-07,Kindergarten,11,5,2025-07-26
ENR000092,FAC0003,2025-08,School-Age,22,10,2025-08-10
ENR000093,FAC0003,2025-08,Toddler,40,24,2025-08-04
ENR000094,FAC0003,2025-08,Infant,16,9,2025-08-07
ENR000095,FAC0003,2025-09,Infant,23,13,2025-09-01
ENR000096,FAC0003,2025-09,Preschool,21,9,2025/08/03
ENR000097,FAC0003,2025-09,Kindergarten,5,4,2025-09-06
ENR000098,FAC0003,2025-09,School-Age,26,14,2025-09-21
ENR000099,FAC0003,2025-10,Toddler,17,13,2025-10-19
ENR000100,FAC0003,2025-10,Kindergarten,39,24,2025-10-25
ENR000101,FAC0003,2025-10,School-Age,16,6,2025-10-01
ENR000102,FAC0003,2025-11,Kindergarten,38,15,2025-11-21
ENR000103,FAC0003,2025-11,Preschool,48,35,2025-11-27
ENR000104,FAC0003,2025-11,Infant,47,22,2025-11-16
ENR000105,FAC0003,2025-12,Infant,22,15,2025-12-07
ENR000106,FAC0003,2025-12,Kindergarten,26,14,2025-12-23
ENR000107,FAC0004,2025-01,Preschool,37,27,2025-01-28
ENR000108,FAC0004,2025-01,School-Age,30,16,2025-01-06
ENR000109,FAC0004,2025-02,Preschool,40,28,2025-02-25
ENR000110,FAC0004,2025-02,School-Age,25,23,2025-02-05
ENR000111,FAC0004,2025-02,Infant,29,13,2025-02-06
ENR000112,FAC0004,2025-03,Preschool,43,30,2025-03-23
ENR000113,FAC0004,2025-03,Infant,30,22,2025-03-09
ENR000114,FAC0004,2025-03,Kindergarten,35,32,2025-03-18
ENR000115,FAC0004,2025-03,Toddler,41,37,2025-03-01
ENR000116,FAC0004,2025-04,Infant,33,18,2025-04-04
ENR000117,FAC0004,2025-04,Kindergarten,26,16,2025-04-11
ENR000118,FAC0004,2025-04,School-Age,35,19,2025-04-23
ENR000119,FAC0004,2025-04,Toddler,45,22,2025-04-08
ENR000120,FAC0004,2025-05,Infant,35,22,2025-05-12
ENR000121,FAC0004,2025-05,Preschool,0,32,2025-05-08
ENR000122,FAC0004,2025-05,Kindergarten,0,37,2025-05-28
ENR000123,FAC0004,2025-05,Toddler,27,11,2025-05-22
ENR000124,FAC0004,2025-06,Toddler,36,28,2025-06-21
ENR000125,FAC0004,2025-06,School-Age,28,20,2025-06-12
ENR000126,FAC0004,2025-07,School-Age,42,19,2025-07-22
ENR000127,FAC0004,2025-07,Infant,29,25,2025-07-02
ENR000128,FAC0004,2025-07,Kindergarten,43,18,2025-07-12
ENR000129,FAC0004,2025-08,Infant,41,18,2025-08-14
ENR000130,FAC0004,2025-08,School-Age,43,38,2025-08-08
ENR000131,FAC0004,2025-08,Toddler,29,13,2025-08-08
ENR000132,FAC0004,2025-09,Toddler,37,16,2025-09-27
ENR000133,FAC0004,2025-09,Infant,25,16,2025-09-20
ENR000134,FAC0004,2025-09,School-Age,32,15,2025-09-07
ENR000135,FAC0004,2025-09,Kindergarten,34,20,2025-09-04
ENR000136,FAC0004,2025-10,Kindergarten,30,24,2025-10-06
ENR000137,FAC0004,2025-10,Preschool,40,23,2025-10-20
ENR000138,FAC0004,2025-10,Toddler,37,22,2025-10-12
ENR000139,FAC0004,2025-11,Kindergarten,42,17,2025-11-27
ENR000140,FAC0004,2025-11,Infant,40,29,2025-11-22
ENR000141,FAC0004,2025-11,Toddler,32,24,2025-11-17
ENR000142,FAC0004,2025-11,Preschool,38,29,2025-11-12
ENR000143,FAC0004,2025-12,School-Age,45,35,2025-12-27
ENR000144,FAC0004,2025-12,Toddler,36,14,2025-12-20
ENR000145,FAC0005,2025-01,Preschool,24,12,2025-01-27
ENR000146,FAC0005,2025-01,Toddler,8,5,2025-01-26
ENR000147,FAC0005,2025-01,School-Age,14,12,2025-01-09
ENR000148,FAC0005,2025-01,Kindergarten,20,17,2025-01-10
ENR000149,FAC0005,2025-02,Preschool,64,60,2025-02-16
ENR000150,FAC0005,2025-02,Infant,64,42,2025-02-16
ENR000151,FAC0005,2025-03,Toddler,65,30,2025-03-28
ENR000152,FAC0005,2025-03,Kindergarten,35,19,2025-03-02
ENR000153,FAC0005,2025-04,Preschool,42,30,2025-04-04
ENR000154,FAC0005,2025-04,Kindergarten,61,41,2025-04-03
ENR000155,FAC0005,2025-05,School-Age,28,14,2025-05-13
ENR000156,FAC0005,2025-05,Preschool,8,3,2025-05-01
ENR000157,FAC0005,2025-05,Toddler,9,8,2025-05-20
ENR000158,FAC0005,2025-05,Infant,15,13,2025-05-23
ENR000159,FAC0005,2025-06,Kindergarten,34,24,2025-06-02
ENR000160,FAC0005,2025-06,Preschool,44,32,2025-06-17
ENR000161,FAC0005,2025-06,Infant,17,15,2025-06-07
ENR000162,FAC0005,2025-07,School-Age,4,1,2025-07-16
ENR000163,FAC0005,2025-07,Kindergarten,45,24,2025-07-08
ENR000164,FAC0005,2025-07,Preschool,30,26,2025-07-28
ENR000165,FAC0005,2025-08,Toddler,4,2,2025-08-11
ENR000166,FAC0005,2025-08,School-Age,25,10,2025-08-22
ENR000167,FAC0005,2025-08,Kindergarten,29,25,2025-08-05
ENR000168,FAC0005,2025-08,Infant,25,17,2025-08-22
ENR000169,FAC0005,2025-09,Toddler,37,31,2025-09-11
ENR000170,FAC0005,2025-09,School-Age,16,10,2025-09-04
ENR000171,FAC0005,2025-09,Preschool,12,5,2025-09-02
ENR000172,FAC0005,2025-10,School-Age,42,35,2025-10-12
ENR000173,FAC0005,2025-10,Toddler,41,25,2025-10-05
ENR000174,FAC0005,2025-10,Preschool,38,32,2025-10-11
ENR000175,FAC0005,2025-11,School-Age,36,15,2025-11-09
ENR000176,FAC0005,2025-11,Toddler,47,39,2025-11-13
ENR000177,FAC0005,2025-12,Infant,18,16,2025-12-17
ENR000178,FAC0005,2025-12,Kindergarten,46,34,2025-12-24
ENR000179,FAC0006,2025-01,Toddler,11,6,2025-01-03
ENR000180,FAC0006,2025-01,School-Age,4,2,2025-01-09
ENR000181,FAC0006,2025-01,Preschool,6,3,2025-01-28
ENR000182,FAC0006,2025-02,Toddler,4,3,2025-02-01
ENR000183,FAC0006,2025-02,Infant,4,2,2025-02-09
ENR000184,FAC0006,2025-02,Preschool,4,3,2025-02-05
ENR000185,FAC0006,2025-02,School-Age,8,4,2025-02-10
ENR000186,FAC0006,2025-03,School-Age,12,8,2025-03-18
ENR000187,FAC0006,2025-03,Kindergarten,12,9,2025-03-02
ENR000188,FAC0006,2025-03,Preschool,8,4,2025-03-19
ENR000189,FAC0006,2025-03,Infant,12,8,2025-03-10
ENR000190,FAC0006,2025-04,Infant,8,6,2025-04-16
ENR000191,FAC0006,2025-04,Kindergarten,11,10,2025-04-12
ENR000192,FAC0006,2025-04,Toddler,12,7,2025-04-26
ENR000193,FAC0006,2025-04,School-Age,12,8,2025-04-17
ENR000194,FAC0006,2025-05,School-Age,6,4,2025-05-15
ENR000195,FAC0006,2025-05,Preschool,10,6,2025-05-04
ENR000196,FAC0006,2025-05,Kindergarten,5,4,2025-05-15
ENR000197,FAC0006,2025-05,Toddler,12,8,2025-05-16
ENR000198,FAC0006,2025-06,Toddler,13,9,2025-06-10
ENR000199,FAC0006,2025-06,Preschool,6,2,2025-06-19
ENR000200,FAC0006,2025-06,Infant,7,4,2025-06-17
ENR000201,FAC0006,2025-06,Kindergarten,10,18,2025-06-25
ENR000202,FAC0006,2025-07,School-Age,17,12,2025-07-25
ENR000203,FAC0006,2025-07,Kindergarten,14,11,2025-07-12
ENR000204,FAC0006,2025-08,Infant,6,3,2025-08-13
ENR000205,FAC0006,2025-08,Kindergarten,13,10,2025-08-10
ENR000206,FAC0006,2025-09,School-Age,12,5,2025-09-19
ENR000207,FAC0006,2025-09,Preschool,12,10,2025-09-11
ENR000208,FAC0006,2025-09,Infant,7,3,2025-09-19
ENR000209,FAC0006,2025-09,Toddler,10,6,2025-09-03
ENR000210,FAC0006,2025-10,Toddler,14,7,2025-10-18
ENR000211,FAC0006,2025-10,Infant,16,12,2025-10-26
ENR000212,FAC0006,2025-10,School-Age,4,2,2025-10-03
ENR000213,FAC0006,2025-11,Toddler,8,4,2025-11-04
ENR000214,FAC0006,2025-11,School-Age,5,3,2025-11-19
ENR000215,FAC0006,2025-11,Infant,9,8,2025-11-12
ENR000216,FAC0006,2025-11,Kindergarten,8,3,2025-11-07
ENR000217,FAC0006,2025-12,School-Age,8,4,2025-12-28
ENR000218,FAC0006,2025-12,Infant,15,13,2025-12-08
ENR000219,FAC0006,2025-12,Toddler,5,3,2025-12-05
ENR000220,FAC0007,2025-01,Kindergarten,10,7,2025-01-18
ENR000221,FAC0007,2025-01,Infant,17,12,2025-01-22
ENR000222,FAC0007,2025-01,School-Age,11,6,2025-01-22
ENR000223,FAC0007,2025-02,Toddler,7,3,2025-02-12
ENR000224,FAC0007,2025-02,Infant,27,22,2025-02-28
ENR000225,FAC0007,2025-03,Preschool,27,20,2025-03-01
ENR000226,FAC0007,2025-03,Kindergarten,7,3,2025-03-09
ENR000227,FAC0007,2025-04,School-Age,8,3,2025-04-26
ENR000228,FAC0007,2025-04,Toddler,14,8,2025-04-12
ENR000229,FAC0007,2025-04,Kindergarten,11,4,2025-04-09
ENR000230,FAC0007,2025-05,School-Age,5,4,2025-05-21
ENR000231,FAC0007,2025-05,Preschool,7,4,2025-05-28
ENR000232,FAC0007,2025-05,Toddler,6,4,2025-05-08
ENR000233,FAC0007,2025-05,Kindergarten,11,6,2025-05-09
ENR000234,FAC0007,2025-06,Kindergarten,8,6,2025-06-11
ENR000235,FAC0007,2025-06,Toddler,17,11,2025-06-09
ENR000236,FAC0007,2025-06,Infant,8,6,2025-06-15
ENR000237,FAC0007,2025-07,Infant,8,3,2025-07-20
ENR000238,FAC0007,2025-07,Kindergarten,17,13,2025-07-27
ENR000239,FAC0007,2025-07,Toddler,4,3,2025-07-16
ENR000240,FAC0007,2025-08,Kindergarten,21,19,2025-08-19
ENR000241,FAC0007,2025-08,School-Age,13,8,2025-08-28
ENR000242,FAC0007,2025-09,Kindergarten,5,3,2025-09-01
ENR000243,FAC0007,2025-09,Toddler,18,16,2025-09-25
ENR000244,FAC0007,2025-09,Infant,8,7,2025-09-03
ENR000245,FAC0007,2025-10,Toddler,7,5,2025-10-11
ENR000246,FAC0007,2025-10,School-Age,28,26,2025-10-09
ENR000247,FAC0007,2025-11,Preschool,20,17,2025-11-28
ENR000248,FAC0007,2025-11,Infant,22,17,2025-11-18
ENR000249,FAC0007,2025-12,School-Age,7,3,2025-12-21
ENR000250,FAC0007,2025-12,Preschool,6,4,2025-12-09
ENR000251,FAC0008,2025-01,Preschool,6,2,2025-01-08
ENR000252,FAC0008,2025-01,School-Age,12,9,2025-01-09
ENR000253,FAC0008,2025-01,Infant,6,3,2025-01-23
ENR000254,FAC0008,2025-02,Toddler,4,3,2025-02-07
ENR000255,FAC0008,2025-02,School-Age,8,7,2025-02-07
ENR000256,FAC0008,2025-02,Kindergarten,4,2,2025-02-12
ENR000257,FAC0008,2025-02,Preschool,8,5,2025-02-04
ENR000258,FAC0008,2025-03,Preschool,5,4,2025-03-06
ENR000259,FAC0008,2025-03,Kindergarten,6,4,2025-03-01
ENR000260,FAC0008,2025-03,Toddler,4,3,2025-03-01
ENR000261,FAC0008,2025-03,School-Age,4,3,2025-03-23
ENR000262,FAC0008,2025-04,Kindergarten,6,5,2025-04-26
ENR000263,FAC0008,2025-04,Preschool,10,7,2025-04-06
ENR000264,FAC0008,2025-04,Infant,10,5,2025-04-04
ENR000265,FAC0008,2025-04,Toddler,8,3,2025-04-07
ENR000266,FAC0008,2025-05,Preschool,4,2,2025-05-20
ENR000267,FAC0008,2025-05,Kindergarten,6,4,2025-05-16
ENR000268,FAC0008,2025-05,School-Age,5,4,2025-05-06
ENR000269,FAC0008,2025-06,Infant,5,3,2025-06-28
ENR000270,FAC0008,2025-06,Kindergarten,10,8,2025-06-10
ENR000271,FAC0008,2025-06,School-Age,11,6,2025-06-14
ENR000272,FAC0008,2025-07,Infant,8,7,2025-07-07
ENR000273,FAC0008,2025-07,Preschool,8,6,2025-07-07
ENR000274,FAC0008,2025-07,Kindergarten,4,2,2025-07-10
ENR000275,FAC0008,2025-07,Toddler,4,2,2025-07-12
ENR000276,FAC0008,2025-08,Infant,8,6,2025-08-03
ENR000277,FAC0008,2025-08,Kindergarten,9,4,2025-08-11
ENR000278,FAC0008,2025-08,School-Age,9,7,2025-08-09
ENR000279,FAC0008,2025-08,Toddler,7,5,2025-08-06
ENR000280,FAC0008,2025-09,Preschool,8,7,2025-09-19
ENR000281,FAC0008,2025-09,Toddler,8,6,2025-09-28
ENR000282,FAC0008,2025-09,Kindergarten,8,5,2025-09-10
ENR000283,FAC0008,2025-09,School-Age,6,4,2025-09-12
ENR000284,FAC0008,2025-10,Infant,8,5,2025-10-27
ENR000285,FAC0008,2025-10,Preschool,4,3,2025-10-05
ENR000286,FAC0008,2025-10,Toddler,6,3,2025-10-25
ENR000287,FAC0008,2025-10,School-Age,6,5,2025-10-09
ENR000288,FAC0008,2025-11,Kindergarten,7,5,2025-11-15
ENR000289,FAC0008,2025-11,Preschool,9,4,2025-11-19
ENR000290,FAC0008,2025-11,School-Age,5,2,2025-11-24
ENR000291,FAC0008,2025-11,Infant,10,6,2025-11-17
ENR000292,FAC0008,2025-12,Kindergarten,4,3,2025-12-21
ENR000293,FAC0008,2025-12,School-Age,7,4,2025-12-26
ENR000294,FAC0008,2025-12,Infant,9,6,2025-12-27
ENR000295,FAC0008,2025-12,Preschool,5,3,2025-12-19
ENR000296,FAC0009,2025-01,School-Age,10,7,2025-01-24
ENR000297,FAC0009,2025-01,Preschool,8,5,2025-01-27
ENR000298,FAC0009,2025-01,Infant,5,3,2025-01-10
ENR000299,FAC0009,2025-02,Infant,4,1,2025-02-26
ENR000300,FAC0009,2025-02,School-Age,6,2,2025-02-11
ENR000301,FAC0009,2025-02,Toddler,4,3,2025-02-08
ENR000302,FAC0009,2025-02,Kindergarten,9,4,2025-02-21
ENR000303,FAC0009,2025-03,Infant,8,7,2025-03-09
ENR000304,FAC0009,2025-03,Kindergarten,5,4,2025-03-26
ENR000305,FAC0009,2025-03,Toddler,5,2,2025-03-25
ENR000306,FAC0009,2025-03,School-Age,8,5,2025-03-07
ENR000307,FAC0009,2025-04,Infant,4,3,2025-04-10
ENR000308,FAC0009,2025-04,Toddler,6,3,2025-04-23
ENR000309,FAC0009,2025-04,Kindergarten,5,2,2025-04-12
ENR000310,FAC0009,2025-04,Preschool,6,5,2025-04-06
ENR000311,FAC0009,2025-05,Preschool,9,8,2025-05-03
ENR000312,FAC0009,2025-05,School-Age,12,6,2025-05-20
ENR000313,FAC0009,2025-05,Infant,14,12,2025-05-26
ENR000314,FAC0009,2025-06,Preschool,7,5,2025-06-08
ENR000315,FAC0009,2025-06,Kindergarten,23,16,2025-06-01
ENR000316,FAC0009,2025-07,School-Age,9,5,2025-07-15
ENR000317,FAC0009,2025-07,Kindergarten,8,6,2025-07-24
ENR000318,FAC0009,2025-08,School-Age,7,5,2025-08-24
ENR000319,FAC0009,2025-08,Preschool,5,4,2025-08-28
ENR000320,FAC0009,2025-08,Toddler,10,9,2025-08-09
ENR000321,FAC0009,2025-08,Infant,5,4,2025-08-07
ENR000322,FAC0009,2025-09,Kindergarten,20,18,2025-09-24
ENR000323,FAC0009,2025-09,Toddler,11,9,2025-09-08
ENR000324,FAC0009,2025-10,Infant,6,2,2025-10-25
ENR000325,FAC0009,2025-10,Kindergarten,9,7,2025-10-25
ENR000326,FAC0009,2025-10,Preschool,5,3,2025-10-19
ENR000327,FAC0009,2025-11,Toddler,18,14,2025-11-06
ENR000328,FAC0009,2025-11,Preschool,6,5,2025-11-05
ENR000329,FAC0009,2025-12,School-Age,4,3,2025-12-20
ENR000330,FAC0009,2025-12,Preschool,14,12,2025-12-21
ENR000331,FAC0009,2025-12,Kindergarten,8,4,2025-12-24
ENR000332,FAC0010,2025-01,Preschool,7,5,2025-01-17
ENR000333,FAC0010,2025-01,Kindergarten,10,5,2025-01-07
ENR000334,FAC0010,2025-01,Toddler,6,2,2025-01-25
ENR000335,FAC0010,2025-01,Infant,9,6,2025-01-24
ENR000336,FAC0010,2025-02,Infant,26,18,2025-02-20
ENR000337,FAC0010,2025-02,Kindergarten,14,11,2025-02-18
ENR000338,FAC0010,2025-03,Infant,4,2,2025-03-15
ENR000339,FAC0010,2025-03,Kindergarten,11,8,2025-03-13
ENR000340,FAC0010,2025-03,Preschool,10,5,2025-03-06
ENR000341,FAC0010,2025-03,Toddler,9,3,2025-03-22
ENR000342,FAC0010,2025-04,Toddler,15,13,2025-04-01
ENR000343,FAC0010,2025-04,School-Age,9,6,2025-04-18
ENR000344,FAC0010,2025-04,Infant,5,4,2025-04-03
ENR000345,FAC0010,2025-05,Toddler,8,7,2025-05-20
ENR000346,FAC0010,2025-05,Infant,20,18,2025-05-03
ENR000347,FAC0010,2025-06,Toddler,12,6,2025-06-17
ENR000348,FAC0010,2025-06,School-Age,15,7,2025-06-17
ENR000349,FAC0010,2025-07,School-Age,8,4,2025-07-18
ENR000350,FAC0010,2025-07,Kindergarten,14,13,2025-07-24
ENR000351,FAC0010,2025-07,Infant,10,4,2025-07-25
ENR000352,FAC0010,2025-08,Toddler,11,9,2025-08-12
ENR000353,FAC0010,2025-08,School-Age,9,6,2025-08-24
ENR000354,FAC0010,2025-08,Infant,5,3,2025-08-24
ENR000355,FAC0010,2025-08,Kindergarten,5,3,2025-08-09
ENR000356,FAC0010,2025-09,School-Age,11,8,2025-09-12
ENR000357,FAC0010,2025-09,Toddler,7,5,2025-09-03
ENR000358,FAC0010,2025-10,Infant,12,5,2025-10-04
ENR000359,FAC0010,2025-10,Kindergarten,17,16,2025-10-19
ENR000360,FAC0010,2025-10,Toddler,18,13,2025-10-18
ENR000361,FAC0010,2025-11,Preschool,13,10,2025-11-12
ENR000362,FAC0010,2025-11,Toddler,13,9,2025-11-07
ENR000363,FAC0010,2025-11,School-Age,7,5,2025-11-28
ENR000364,FAC0010,2025-11,Infant,4,1,2025-11-26
ENR000365,FAC0010,2025-12,Infant,6,2,2025-12-25
ENR000366,FAC0010,2025-12,Toddler,11,8,2025-12-08
ENR000367,FAC0010,2025-12,School-Age,5,3,2025-12-10
ENR000368,FAC0010,2025-12,Kindergarten,11,9,2025-12-05
ENR000369,FAC0011,2025-01,School-Age,7,5,2025-01-11
ENR000370,FAC0011,2025-01,Preschool,21,16,2025-01-06
ENR000371,FAC0011,2025-02,School-Age,8,5,2025-02-18
ENR000372,FAC0011,2025-02,Infant,5,2,2025-02-24
ENR000373,FAC0011,2025-03,Toddler,4,2,2025-03-18
ENR000374,FAC0011,2025-03,Infant,4,2,2025-03-28
ENR000375,FAC0011,2025-03,Kindergarten,4,1,2025-03-21
ENR000376,FAC0011,2025-03,Preschool,6,5,2025-03-13
ENR000377,FAC0011,2025-04,Preschool,5,4,2025-04-05
ENR000378,FAC0011,2025-04,Kindergarten,7,5,2025-04-27
ENR000379,FAC0011,2025-04,School-Age,4,2,2025-04-28
ENR000380,FAC0011,2025-04,Infant,7,5,2025-04-24
ENR000381,FAC0011,2025-05,Infant,4,3,2025-05-11
ENR000382,FAC0011,2025-05,Kindergarten,6,4,2025-05-03
ENR000383,FAC0011,2025-05,Preschool,5,3,2025-05-27
ENR000384,FAC0011,2025-05,School-Age,7,3,2025-05-04
ENR000385,FAC0011,2025-06,Toddler,14,13,2025-06-25
ENR000386,FAC0011,2025-06,Infant,4,1,2025-06-15
ENR000387,FAC0011,2025-06,School-Age,14,12,2025-06-15
ENR000388,FAC0011,2025-07,Infant,7,3,2025-07-17
ENR000389,FAC0011,2025-07,Kindergarten,23,13,2025-07-13
ENR000390,FAC0011,2025-08,Infant,4,3,2025-08-25
ENR000391,FAC0011,2025-08,Toddler,7,3,2025-08-07
ENR000392,FAC0011,2025-08,School-Age,10,5,2025-08-08
ENR000393,FAC0011,2025-09,Toddler,6,3,2025-09-24
ENR000394,FAC0011,2025-09,Preschool,4,2,2025-09-13
ENR000395,FAC0011,2025-09,Kindergarten,7,6,2025-09-24
ENR000396,FAC0011,2025-10,Toddler,4,3,2025-10-18
ENR000397,FAC0011,2025-10,Infant,18,13,2025-10-16
ENR000398,FAC0011,2025-11,School-Age,10,6,2025-11-12
ENR000399,FAC0011,2025-11,Kindergarten,5,4,2025-11-27
ENR000400,FAC0011,2025-11,Infant,11,4,2025-11-10
ENR000401,FAC0011,2025-12,Kindergarten,10,9,2025-12-27
ENR000402,FAC0011,2025-12,Infant,7,4,2025-12-24
ENR000403,FAC0012,2025-01,Preschool,6,5,2025-01-17
ENR000404,FAC0012,2025-01,Toddler,5,3,2025-01-24
ENR000405,FAC0012,2025-01,Kindergarten,9,6,2025-01-06
ENR000406,FAC0012,2025-01,Infant,9,7,2025-01-08
ENR000407,FAC0012,2025-02,Preschool,9,3,2025-02-06
ENR000408,FAC0012,2025-02,Kindergarten,6,5,2025-02-09
ENR000409,FAC0012,2025-03,School-Age,5,4,2025-03-24
ENR000410,FAC0012,2025-03,Infant,4,1,2025-03-15
ENR000411,FAC0012,2025-03,Preschool,10,5,2025-03-27
ENR000412,FAC0012,2025-03,Kindergarten,10,9,2025-03-12
ENR000413,FAC0012,2025-04,Infant,4,2,2025-04-24
ENR000414,FAC0012,2025-04,Toddler,4,1,2025-04-28
ENR000415,FAC0012,2025-04,School-Age,6,3,2025-04-22
ENR000416,FAC0012,2025-04,Kindergarten,7,5,2025-04-25
ENR000417,FAC0012,2025-05,School-Age,10,6,2025-05-23
ENR000418,FAC0012,2025-05,Toddler,4,3,2025-05-21
ENR000419,FAC0012,2025-05,Preschool,6,2,2025-05-25
ENR000420,FAC0012,2025-05,Infant,8,4,2025-05-28
ENR000421,FAC0012,2025-06,Infant,5,4,2025-06-05
ENR000422,FAC0012,2025-06,Preschool,6,3,2025-06-14
ENR000423,FAC0012,2025-06,Kindergarten,8,3,2025-06-13
ENR000424,FAC0012,2025-07,Toddler,9,5,2025-07-12
ENR000425,FAC0012,2025-07,Kindergarten,7,2,2025-07-10
ENR000426,FAC0012,2025-07,School-Age,8,7,2025-07-09
ENR000427,FAC0012,2025-07,Preschool,5,3,2025-07-17
ENR000428,FAC0012,2025-08,Preschool,8,7,2025-08-13
ENR000429,FAC0012,2025-08,Kindergarten,14,12,2025-08-04
ENR000430,FAC0012,2025-09,Kindergarten,9,3,2025-09-14
ENR000431,FAC0012,2025-09,Preschool,6,4,2025-09-12
ENR000432,FAC0012,2025-09,School-Age,9,5,2025-09-20
ENR000433,FAC0012,2025-09,Infant,9,3,2025-09-16
ENR000434,FAC0012,2025-10,Kindergarten,12,9,2025-10-05
ENR000435,FAC0012,2025-10,Infant,10,9,2025-10-22
ENR000436,FAC0012,2025-11,Infant,13,8,2025-11-10
ENR000437,FAC0012,2025-11,School-Age,12,9,2025-11-23
ENR000438,FAC0012,2025-11,Preschool,8,5,2025-11-09
ENR000439,FAC0012,2025-12,Toddler,6,5,2025-12-06
ENR000440,FAC0012,2025-12,Preschool,8,4,2025-12-22
ENR000441,FAC0012,2025-12,Kindergarten,8,4,2025-12-19
ENR000442,FAC0012,2025-12,School-Age,4,2,2025-12-18
ENR000443,FAC0013,2025-01,School-Age,31,19,2025-01-28
ENR000444,FAC0013,2025-01,Kindergarten,7,5,2025-01-04
ENR000445,FAC0013,2025-02,School-Age,46,42,2025-02-23
ENR000446,FAC0013,2025-02,Preschool,22,12,2025-02-25
ENR000447,FAC0013,2025-03,Kindergarten,7,5,2025-03-08
ENR000448,FAC0013,2025-03,Toddler,15,6,2025-03-18
ENR000449,FAC0013,2025-03,Infant,37,20,2025-03-21
ENR000450,FAC0013,2025-04,Preschool,20,10,2025-04-03
ENR000451,FAC0013,2025-04,Infant,5,2,2025-04-20
ENR000452,FAC0013,2025-04,Toddler,28,26,2025-04-27
ENR000453,FAC0013,2025-04,Kindergarten,25,20,2025-04-18
ENR000454,FAC0013,2025-05,Preschool,19,12,2025-05-08
ENR000455,FAC0013,2025-05,Toddler,19,12,2025-05-06
ENR000456,FAC0013,2025-05,Infant,11,8,2025-05-09
ENR000457,FAC0013,2025-05,Kindergarten,17,8,2025-05-17
ENR000458,FAC0013,2025-06,Kindergarten,39,32,2025-06-21
ENR000459,FAC0013,2025-06,Infant,11,7,2025-06-17
ENR000460,FAC0013,2025-07,Infant,57,31,2025-07-24
ENR000461,FAC0013,2025-07,Kindergarten,46,25,2025-07-21
ENR000462,FAC0013,2025-08,Kindergarten,26,11,2025-08-10
ENR000463,FAC0013,2025-08,Toddler,37,34,2025-08-08
ENR000464,FAC0013,2025-08,Infant,18,7,2025-08-26
ENR000465,FAC0013,2025-09,Kindergarten,24,12,2025-09-15
ENR000466,FAC0013,2025-09,School-Age,8,5,2025-09-28
ENR000467,FAC0013,2025-09,Preschool,14,7,2025-09-12
ENR000468,FAC0013,2025-09,Infant,18,16,2025-09-05
ENR000469,FAC0013,2025-10,Toddler,4,1,2025-10-14
ENR000470,FAC0013,2025-10,Infant,37,23,2025-10-18
ENR000471,FAC0013,2025-11,Toddler,15,7,2025-11-21
ENR000472,FAC0013,2025-11,School-Age,28,16,2025-11-24
ENR000473,FAC0013,2025-11,Kindergarten,4,3,2025-11-27
ENR000474,FAC0013,2025-11,Preschool,12,5,2025-11-08
ENR000475,FAC0013,2025-12,Toddler,9,4,2025-12-01
ENR000476,FAC0013,2025-12,Infant,7,5,2025-12-17
ENR000477,FAC0013,2025-12,Preschool,18,16,2025-12-10
ENR000478,FAC0013,2025-12,Kindergarten,25,11,2025-12-11
ENR000479,FAC0014,2025-01,Toddler,11,7,2025-01-22
ENR000480,FAC0014,2025-01,Infant,4,2,2025-01-19
ENR000481,FAC0014,2025-01,Kindergarten,7,5,2025-01-03
ENR000482,FAC0014,2025-02,School-Age,7,4,2025-02-05
ENR000483,FAC0014,2025-02,Kindergarten,6,3,2025-02-05
ENR000484,FAC0014,2025-02,Preschool,5,4,2025-02-11
ENR000485,FAC0014,2025-02,Toddler,4,3,2025-02-21
ENR000486,FAC0014,2025-03,School-Age,6,3,2025-03-25
ENR000487,FAC0014,2025-03,Preschool,5,4,2025-03-18
ENR000488,FAC0014,2025-03,Infant,4,2,2025-03-03
ENR000489,FAC0014,2025-03,Kindergarten,4,3,2025-03-01
ENR000490,FAC0014,2025-04,Kindergarten,4,3,2025-04-02
ENR000491,FAC0014,2025-04,Toddler,6,5,2025-04-21
ENR000492,FAC0014,2025-04,School-Age,5,4,2025-04-28
ENR000493,FAC0014,2025-04,Preschool,4,2,2025-04-17
ENR000494,FAC0014,2025-05,Preschool,5,3,2025-05-17
ENR000495,FAC0014,2025-05,Kindergarten,4,3,2025-05-01
ENR000496,FAC0014,2025-05,Toddler,4,2,2025-05-09
ENR000497,FAC0014,2025-06,Kindergarten,11,6,2025-06-05
ENR000498,FAC0014,2025-06,Infant,10,5,2025-06-08
ENR000499,FAC0014,2025-06,Toddler,9,8,2025-06-16
ENR000500,FAC0014,2025-07,Kindergarten,5,4,2025-07-15
ENR000501,FAC0014,2025-07,Infant,12,11,2025-07-14
ENR000502,FAC0014,2025-08,Kindergarten,6,4,2025-08-02
ENR000503,FAC0014,2025-08,Toddler,10,6,2025-08-26
ENR000504,FAC0014,2025-08,Infant,8,3,2025-08-11
ENR000505,FAC0014,2025-09,School-Age,8,5,2025-09-26
ENR000506,FAC0014,2025-09,Kindergarten,7,4,2025-09-03
ENR000507,FAC0014,2025-10,Preschool,8,3,2025-10-25
ENR000508,FAC0014,2025-10,Infant,7,3,2025-10-23
ENR000509,FAC0014,2025-10,Kindergarten,5,3,2025-10-17
ENR000510,FAC0014,2025-10,Toddler,5,3,2025-10-14
ENR000511,FAC0014,2025-11,Toddler,11,5,2025-11-03
ENR000512,FAC0014,2025-11,Infant,5,3,2025-11-15
ENR000513,FAC0014,2025-11,Preschool,5,2,2025-11-16
ENR000514,FAC0014,2025-12,Toddler,4,2,2025-12-25
ENR000515,FAC0014,2025-12,Kindergarten,15,13,2025-12-17
ENR000516,FAC0015,2025-01,Preschool,9,4,2025-01-17
ENR000517,FAC0015,2025-01,Toddler,10,6,2025-01-12
ENR000518,FAC0015,2025-01,School-Age,4,2,2025-01-10
ENR000519,FAC0015,2025-02,Infant,4,2,2025-02-27
ENR000520,FAC0015,2025-02,Preschool,9,6,2025-02-14
ENR000521,FAC0015,2025-02,Kindergarten,8,4,2025-02-12
ENR000522,FAC0015,2025-02,School-Age,4,2,2025-02-04
ENR000523,FAC0015,2025-03,Infant,9,7,2025-03-17
ENR000524,FAC0015,2025-03,Preschool,10,8,2025-03-26
ENR000525,FAC0015,2025-03,Toddler,9,5,2025-03-16
ENR000526,FAC0015,2025-03,Kindergarten,4,2,2025-03-24
ENR000527,FAC0015,2025-04,Preschool,14,9,2025-04-10
ENR000528,FAC0015,2025-04,Kindergarten,4,2,2025-04-10
ENR000529,FAC0015,2025-04,Toddler,6,5,2025-04-28
ENR000530,FAC0015,2025-05,School-Age,5,4,2025-05-11
ENR000531,FAC0015,2025-05,Infant,9,6,2025-05-01
ENR000532,FAC0015,2025-05,Toddler,4,2,2025-05-06
ENR000533,FAC0015,2025-05,Kindergarten,9,5,2025-05-19
ENR000534,FAC0015,2025-06,Kindergarten,6,3,2025-06-17
ENR000535,FAC0015,2025-06,Toddler,6,5,2025-06-25
ENR000536,FAC0015,2025-06,Infant,10,6,2025-06-10
ENR000537,FAC0015,2025-07,School-Age,10,8,2025-07-11
ENR000538,FAC0015,2025-07,Infant,6,3,2025-07-25
ENR000539,FAC0015,2025-07,Preschool,4,3,2025-07-27
ENR000540,FAC0015,2025-07,Toddler,10,8,2025-07-25
ENR000541,FAC0015,2025-08,Kindergarten,6,5,2025-08-04
ENR000542,FAC0015,2025-08,School-Age,7,5,2025-08-20
ENR000543,FAC0015,2025-08,Preschool,10,8,2025-08-24
ENR000544,FAC0015,2025-08,Toddler,10,8,2025-08-02
ENR000545,FAC0015,2025-09,Toddler,5,3,2025-09-18
ENR000546,FAC0015,2025-09,Preschool,14,12,2025-09-03
ENR000547,FAC0015,2025-09,Kindergarten,7,4,2025-09-03
ENR000548,FAC0015,2025-10,Kindergarten,6,4,2025-10-15
ENR000549,FAC0015,2025-10,Preschool,8,4,2025-10-22
ENR000550,FAC0015,2025-11,Infant,5,3,2025-11-20
ENR000551,FAC0015,2025-11,School-Age,8,5,2025-11-28
ENR000552,FAC0015,2025-11,Toddler,6,5,2025-11-12
ENR000553,FAC0015,2025-11,Preschool,8,4,2025-11-05
ENR000554,FAC0015,2025-12,Preschool,4,3,2025-12-15
ENR000555,FAC0015,2025-12,School-Age,5,2,2025-12-05
ENR000556,FAC0015,2025-12,Kindergarten,8,4,2025-12-15
ENR000557,FAC0015,2025-12,Toddler,5,3,2025-12-27
ENR000558,FAC0016,2025-01,Toddler,45,36,2025-01-12
ENR000559,FAC0016,2025-01,Kindergarten,41,16,2025-01-19
ENR000560,FAC0016,2025-01,Infant,37,25,2025-01-21
ENR000561,FAC0016,2025-02,Preschool,31,26,2025-02-02
ENR000562,FAC0016,2025-02,Kindergarten,34,28,2025-02-11
ENR000563,FAC0016,2025-03,School-Age,12,5,2025-03-26
ENR000564,FAC0016,2025-03,Kindergarten,35,31,2025-03-13
ENR000565,FAC0016,2025-03,Infant,11,8,2025-03-21
ENR000566,FAC0016,2025-04,Toddler,14,12,2025-04-28
ENR000567,FAC0016,2025-04,School-Age,47,36,2025-04-28
ENR000568,FAC0016,2025-05,Infant,18,7,2025-05-17
ENR000569,FAC0016,2025-05,School-Age,21,14,2025-05-28
ENR000570,FAC0016,2025-06,Preschool,21,8,2025-06-04
ENR000571,FAC0016,2025-06,Toddler,33,28,2025-06-25
ENR000572,FAC0016,2025-06,Kindergarten,18,16,2025-06-09
ENR000573,FAC0016,2025-07,Kindergarten,14,8,2025-07-11
ENR000574,FAC0016,2025-07,School-Age,42,31,2025-07-23
ENR000575,FAC0016,2025-07,Toddler,21,11,2025-07-07
ENR000576,FAC0016,2025-08,Kindergarten,37,15,2025-08-14
ENR000577,FAC0016,2025-08,School-Age,51,20,2025-08-17
ENR000578,FAC0016,2025-09,Infant,7,6,2025-09-27
ENR000579,FAC0016,2025-09,Kindergarten,16,11,2025-09-04
ENR000580,FAC0016,2025-09,Toddler,26,16,2025-09-23
ENR000581,FAC0016,2025-09,School-Age,33,19,2025-09-20
ENR000582,FAC0016,2025-10,Kindergarten,4,3,2025-10-23
ENR000583,FAC0016,2025-10,Toddler,51,21,2025-10-19
ENR000584,FAC0016,2025-11,Toddler,56,34,2025-11-08
ENR000585,FAC0016,2025-11,Infant,32,30,2025-11-21
ENR000586,FAC0016,2025-12,Toddler,16,13,2025-12-05
ENR000587,FAC0016,2025-12,School-Age,26,14,2025-12-23
ENR000588,FAC0016,2025-12,Kindergarten,47,22,2025-12-25
ENR000589,FAC0017,2025-01,School-Age,11,5,2025-01-10
ENR000590,FAC0017,2025-01,Preschool,34,19,2025-01-16
ENR000591,FAC0017,2025-01,Toddler,39,19,2025-01-27
ENR000592,FAC0017,2025-02,Infant,11,4,2025-02-13
ENR000593,FAC0017,2025-02,Kindergarten,17,13,2025-02-26
ENR000594,FAC0017,2025-02,School-Age,8,7,2025-02-21
ENR000595,FAC0017,2025-03,School-Age,26,13,2025-03-25
ENR000596,FAC0017,2025-03,Toddler,4,2,2025-03-01
ENR000597,FAC0017,2025-04,Kindergarten,64,38,2025-04-16
ENR000598,FAC0017,2025-04,Toddler,21,15,2025-04-16
ENR000599,FAC0017,2025-05,School-Age,7,4,2025-05-05
ENR000600,FAC0017,2025-05,Infant,38,16,2025-05-10
ENR000601,FAC0017,2025-06,Preschool,50,43,2025-06-10
ENR000602,FAC0017,2025-06,Kindergarten,37,30,2025-06-22
ENR000603,FAC0017,2025-07,Preschool,8,5,2025-07-07
ENR000604,FAC0017,2025-07,Toddler,32,15,2025-07-19
ENR000605,FAC0017,2025-07,Kindergarten,16,12,2025-07-19
ENR000606,FAC0017,2025-07,Infant,18,7,2025-07-25
ENR000607,FAC0017,2025-08,Toddler,48,32,2025-08-13
ENR000608,FAC0017,2025-08,Kindergarten,4,3,2025-08-09
ENR000609,FAC0017,2025-08,Infant,41,27,2025-08-01
ENR000610,FAC0017,2025-09,Kindergarten,34,16,2025-09-12
ENR000611,FAC0017,2025-09,Preschool,36,23,2025-09-17
ENR000612,FAC0017,2025-10,Toddler,35,25,2025-10-24
ENR000613,FAC0017,2025-10,Infant,11,9,2025-10-08
ENR000614,FAC0017,2025-10,Kindergarten,41,27,2025-10-21
ENR000615,FAC0017,2025-11,Kindergarten,46,40,2025-11-07
ENR000616,FAC0017,2025-11,School-Age,11,7,2025-11-08
ENR000617,FAC0017,2025-11,Preschool,17,7,2025-11-05
ENR000618,FAC0017,2025-12,Infant,4,2,2025-12-01
ENR000619,FAC0017,2025-12,School-Age,13,5,2025-12-06
ENR000620,FAC0017,2025-12,Toddler,19,15,2025-12-11
ENR000621,FAC0018,2025-01,Preschool,12,9,2025-01-15
ENR000622,FAC0018,2025-01,Infant,11,9,2025-01-07
ENR000623,FAC0018,2025-01,School-Age,10,6,2025-01-04
ENR000624,FAC0018,2025-01,Toddler,6,3,2025-01-09
ENR000625,FAC0018,2025-02,School-Age,11,6,2025-02-17
ENR000626,FAC0018,2025-02,Preschool,11,10,2025-02-21
ENR000627,FAC0018,2025-02,Toddler,8,3,2025-02-08
ENR000628,FAC0018,2025-03,Toddler,5,3,2025-03-15
ENR000629,FAC0018,2025-03,Preschool,4,3,2025-03-10
ENR000630,FAC0018,2025-03,Infant,4,3,2025-03-16
ENR000631,FAC0018,2025-03,School-Age,4,1,2025-03-14
ENR000632,FAC0018,2025-04,Infant,9,7,2025-04-23
ENR000633,FAC0018,2025-04,Kindergarten,8,6,2025-04-09
ENR000634,FAC0018,2025-04,School-Age,5,3,2025-04-18
ENR000635,FAC0018,2025-05,Preschool,22,13,2025-05-11
ENR000636,FAC0018,2025-05,Infant,11,7,2025-05-26
ENR000637,FAC0018,2025-06,Kindergarten,11,4,2025-06-02
ENR000638,FAC0018,2025-06,Infant,17,9,2025-06-10
ENR000639,FAC0018,2025-06,Preschool,15,9,2025-06-05
ENR000640,FAC0018,2025-07,Kindergarten,28,17,2025-07-14
ENR000641,FAC0018,2025-07,Infant,4,3,2025-07-15
ENR000642,FAC0018,2025-08,Kindergarten,18,10,2025-08-02
ENR000643,FAC0018,2025-08,Infant,10,4,2025-08-22
ENR000644,FAC0018,2025-08,Toddler,10,6,2025-08-03
ENR000645,FAC0018,2025-09,Kindergarten,6,3,2025-09-17
ENR000646,FAC0018,2025-09,Preschool,7,4,2025-09-08
ENR000647,FAC0018,2025-09,Infant,15,7,2025-09-06
ENR000648,FAC0018,2025-10,Preschool,9,5,2025-10-27
ENR000649,FAC0018,2025-10,Kindergarten,24,17,2025-10-08
ENR000650,FAC0018,2025-11,Infant,11,6,2025-11-18
ENR000651,FAC0018,2025-11,Toddler,7,3,2025-11-20
ENR000652,FAC0018,2025-12,Kindergarten,5,4,2025-12-13
ENR000653,FAC0018,2025-12,Infant,9,3,2025-12-21
ENR000654,FAC0018,2025-12,Toddler,7,3,2025-12-08
ENR000655,FAC0018,2025-12,School-Age,9,7,2025-12-09
ENR000656,FAC0019,2025-01,Kindergarten,6,2,2025-01-01
ENR000657,FAC0019,2025-01,Toddler,18,11,2025-01-25
ENR000658,FAC0019,2025-01,Preschool,5,2,2025-01-22
ENR000659,FAC0019,2025-02,Infant,7,3,2025-02-18
ENR000660,FAC0019,2025-02,Toddler,11,9,2025-02-20
ENR000661,FAC0019,2025-02,Preschool,8,3,2025-02-06
ENR000662,FAC0019,2025-02,School-Age,7,3,2025-02-28
ENR000663,FAC0019,2025-03,School-Age,14,7,2025-03-20
ENR000664,FAC0019,2025-03,Preschool,13,10,2025-03-20
ENR000665,FAC0019,2025-03,Infant,13,10,2025-03-20
ENR000666,FAC0019,2025-04,Preschool,16,14,2025-04-23
ENR000667,FAC0019,2025-04,Toddler,5,2,2025-04-26
ENR000668,FAC0019,2025-05,School-Age,7,3,2025-05-15
ENR000669,FAC0019,2025-05,Kindergarten,6,3,2025-05-09
ENR000670,FAC0019,2025-05,Toddler,4,3,2025-05-25
ENR000671,FAC0019,2025-05,Preschool,8,6,2025-05-11
ENR000672,FAC0019,2025-06,Preschool,19,11,2025-06-10
ENR000673,FAC0019,2025-06,Kindergarten,27,18,2025-06-21
ENR000674,FAC0019,2025-07,Kindergarten,5,4,2025-07-09
ENR000675,FAC0019,2025-07,Toddler,12,7,2025-07-27
ENR000676,FAC0019,2025-07,School-Age,4,2,2025-07-11
ENR000677,FAC0019,2025-08,School-Age,11,8,2025-08-09
ENR000678,FAC0019,2025-08,Kindergarten,4,2,2025-08-23
ENR000679,FAC0019,2025-08,Infant,8,6,2025-08-04
ENR000680,FAC0019,2025-08,Preschool,4,2,2025-08-03
ENR000681,FAC0019,2025-09,Preschool,15,8,2025-09-12
ENR000682,FAC0019,2025-09,Toddler,13,7,2025-09-08
ENR000683,FAC0019,2025-09,Kindergarten,13,7,2025-09-10
ENR000684,FAC0019,2025-10,Kindergarten,24,11,2025-10-25
ENR000685,FAC0019,2025-10,Infant,13,6,2025-10-15
ENR000686,FAC0019,2025-11,School-Age,13,10,2025-11-02
ENR000687,FAC0019,2025-11,Toddler,9,3,2025-11-02
ENR000688,FAC0019,2025-11,Preschool,7,3,2025-11-02
ENR000689,FAC0019,2025-11,Infant,8,3,2025-11-23
ENR000690,FAC0019,2025-12,Kindergarten,23,19,2025-12-22
ENR000691,FAC0019,2025-12,School-Age,6,5,2025-12-18
ENR000692,FAC0020,2025-01,Toddler,27,24,2025-01-05
ENR000693,FAC0020,2025-01,School-Age,12,10,2025-01-04
ENR000694,FAC0020,2025-01,Preschool,10,7,2025-01-19
ENR000695,FAC0020,2025-02,Infant,18,8,2025-02-24
ENR000696,FAC0020,2025-02,School-Age,13,11,2025-02-02
ENR000697,FAC0020,2025-02,Toddler,12,6,2025-02-26
ENR000698,FAC0020,2025-02,Preschool,8,4,2025-02-08
ENR000699,FAC0020,2025-03,School-Age,9,3,2025-03-15
ENR000700,FAC0020,2025-03,Kindergarten,9,5,2025-03-01
ENR000701,FAC0020,2025-03,Infant,18,9,2025-03-23
ENR000702,FAC0020,2025-04,Toddler,17,13,2025-04-01
ENR000703,FAC0020,2025-04,Infant,10,7,2025-04-26
ENR000704,FAC0020,2025-04,Kindergarten,20,17,2025-04-23
ENR000705,FAC0020,2025-05,School-Age,27,25,2025-05-21
ENR000706,FAC0020,2025-05,Toddler,39,35,2025-05-21
ENR000707,FAC0020,2025-06,Infant,14,5,2025-06-07
ENR000708,FAC0020,2025-06,Kindergarten,15,8,2025-06-17
ENR000709,FAC0020,2025-06,Toddler,19,8,2025-06-07
ENR000710,FAC0020,2025-06,School-Age,17,12,2025-06-15
ENR000711,FAC0020,2025-07,Toddler,19,8,2025-07-21
ENR000712,FAC0020,2025-07,Infant,8,6,2025-07-04
ENR000713,FAC0020,2025-07,Kindergarten,16,8,2025-07-01
ENR000714,FAC0020,2025-07,Preschool,10,4,2025-07-22
ENR000715,FAC0020,2025-08,Kindergarten,14,5,2025-08-25
ENR000716,FAC0020,2025-08,Toddler,10,4,2025-08-05
ENR000717,FAC0020,2025-08,Preschool,27,21,2025-08-05
ENR000718,FAC0020,2025-09,Toddler,5,4,2025-09-15
ENR000719,FAC0020,2025-09,Preschool,15,13,2025-09-19
ENR000720,FAC0020,2025-09,School-Age,16,11,2025-09-19
ENR000721,FAC0020,2025-09,Infant,20,10,2025-09-16
ENR000722,FAC0020,2025-10,Preschool,17,12,2025-10-07
ENR000723,FAC0020,2025-10,Toddler,4,2,2025-10-27
ENR000724,FAC0020,2025-10,Kindergarten,4,3,2025-10-27
ENR000725,FAC0020,2025-10,Infant,9,4,2025-10-23
ENR000726,FAC0020,2025-11,School-Age,7,3,2025-11-11
ENR000727,FAC0020,2025-11,Kindergarten,11,8,2025-11-25
ENR000728,FAC0020,2025-11,Toddler,10,6,2025-11-17
ENR000729,FAC0020,2025-11,Infant,19,15,2025-11-08
ENR000730,FAC0020,2025-12,Preschool,4,2,2025-12-02
ENR000731,FAC0020,2025-12,Infant,5,4,2025-12-14
ENR000732,FAC0020,2025-12,Kindergarten,13,11,2025-12-02
ENR000733,FAC0020,2025-12,School-Age,6,3,2025-12-19
ENR000734,FAC0021,2025-01,Toddler,7,4,2025-01-05
ENR000735,FAC0021,2025-01,Infant,22,12,2025-01-08
ENR000736,FAC0021,2025-01,School-Age,4,3,2025-01-26
ENR000737,FAC0021,2025-01,Preschool,26,22,2025-01-23
ENR000738,FAC0021,2025-02,Preschool,8,3,2025-02-28
ENR000739,FAC0021,2025-02,Kindergarten,26,16,2025-02-02
ENR000740,FAC0021,2025-02,School-Age,20,16,2025-02-02
ENR000741,FAC0021,2025-03,School-Age,17,10,2025-03-18
ENR000742,FAC0021,2025-03,Infant,7,3,2025-03-08
ENR000743,FAC0021,2025-03,Kindergarten,18,14,2025-03-19
ENR000744,FAC0021,2025-03,Toddler,5,4,2025-03-20
ENR000745,FAC0021,2025-04,School-Age,12,8,2025-04-27
ENR000746,FAC0021,2025-04,Preschool,55,28,2025-04-14
ENR000747,FAC0021,2025-05,Infant,7,5,2025-05-11
ENR000748,FAC0021,2025-05,Toddler,28,22,2025-05-03
ENR000749,FAC0021,2025-05,Kindergarten,23,20,2025-05-18
ENR000750,FAC0021,2025-05,Preschool,12,8,2025-05-05
ENR000751,FAC0021,2025-06,Kindergarten,54,28,2025-06-20
ENR000752,FAC0021,2025-06,Toddler,50,33,2025-06-08
ENR000753,FAC0021,2025-07,Preschool,7,4,2025-07-17
ENR000754,FAC0021,2025-07,Toddler,55,24,2025-07-28
ENR000755,FAC0021,2025-08,Toddler,27,19,2025-08-08
ENR000756,FAC0021,2025-08,Preschool,40,16,2025-08-12
ENR000757,FAC0021,2025-09,Infant,16,14,2025-09-10
ENR000758,FAC0021,2025-09,Preschool,38,21,2025-09-06
ENR000759,FAC0021,2025-09,Toddler,17,13,2025-09-06
ENR000760,FAC0021,2025-10,Preschool,5,3,2025-10-03
ENR000761,FAC0021,2025-10,School-Age,19,14,2025-10-03
ENR000762,FAC0021,2025-10,Infant,17,7,2025-10-13
ENR000763,FAC0021,2025-10,Toddler,21,11,2025-10-05
ENR000764,FAC0021,2025-11,Toddler,19,16,2025-11-12
ENR000765,FAC0021,2025-11,Preschool,21,10,2025-11-17
ENR000766,FAC0021,2025-11,Kindergarten,4,2,2025-11-07
ENR000767,FAC0021,2025-12,Preschool,21,9,2025-12-21
ENR000768,FAC0021,2025-12,Kindergarten,21,18,2025-12-02
ENR000769,FAC0021,2025-12,Infant,38,34,2025-12-18
ENR000770,FAC0022,2025-01,School-Age,35,20,2025-01-25
ENR000771,FAC0022,2025-01,Preschool,32,25,2025-01-25
ENR000772,FAC0022,2025-01,Toddler,42,18,2025-01-17
ENR000773,FAC0022,2025-01,Infant,38,23,2025-01-20
ENR000774,FAC0022,2025-02,Preschool,39,26,2025-02-03
ENR000775,FAC0022,2025-02,School-Age,39,31,2025-02-22
ENR000776,FAC0022,2025-02,Kindergarten,38,28,2025-02-08
ENR000777,FAC0022,2025-03,Preschool,39,16,2025-03-07
ENR000778,FAC0022,2025-03,Kindergarten,39,28,2025-03-19
ENR000779,FAC0022,2025-04,Toddler,35,24,2025-04-15
ENR000780,FAC0022,2025-04,Infant,36,33,2025-04-09
ENR000781,FAC0022,2025-04,School-Age,33,19,2025-04-20
ENR000782,FAC0022,2025-05,School-Age,34,14,2025-05-21
ENR000783,FAC0022,2025-05,Kindergarten,43,19,2025-05-22
ENR000784,FAC0022,2025-05,Toddler,43,18,2025-05-14
ENR000785,FAC0022,2025-06,Toddler,30,21,2025-06-20
ENR000786,FAC0022,2025-06,School-Age,29,21,2025-06-19
ENR000787,FAC0022,2025-06,Preschool,29,21,2025-06-25
ENR000788,FAC0022,2025-06,Kindergarten,33,15,2025-06-12
ENR000789,FAC0022,2025-07,Preschool,40,24,2025-07-25
ENR000790,FAC0022,2025-07,Infant,38,29,2025-07-28
ENR000791,FAC0022,2025-08,Infant,28,18,2025-08-27
ENR000792,FAC0022,2025-08,Preschool,43,17,2025-08-23
ENR000793,FAC0022,2025-08,Kindergarten,25,21,2025-08-21
ENR000794,FAC0022,2025-08,School-Age,28,23,2025-08-26
ENR000795,FAC0022,2025-09,Infant,28,19,2025-09-26
ENR000796,FAC0022,2025-09,Preschool,42,23,2025-09-18
ENR000797,FAC0022,2025-09,School-Age,45,20,2025-09-20
ENR000798,FAC0022,2025-09,Toddler,25,22,2025-09-28
ENR000799,FAC0022,2025-10,Kindergarten,28,12,2025-10-25
ENR000800,FAC0022,2025-10,Preschool,34,27,2025-10-06
ENR000801,FAC0022,2025-11,Toddler,27,10,2025-11-12
ENR000802,FAC0022,2025-11,Preschool,29,16,2025-11-19
ENR000803,FAC0022,2025-11,Infant,26,20,2025-11-20
ENR000804,FAC0022,2025-12,Preschool,37,19,2025-12-08
ENR000805,FAC0022,2025-12,Kindergarten,37,32,2025-12-12
ENR000806,FAC0022,2025-12,Toddler,34,27,2025-12-05
ENR000807,FAC0023,2025-01,School-Age,10,6,2025-01-01
ENR000808,FAC0023,2025-01,Infant,13,10,2025-01-09
ENR000809,FAC0023,2025-01,Kindergarten,16,10,2025-01-23
ENR000810,FAC0023,2025-01,Preschool,12,10,2025-01-17
ENR000811,FAC0023,2025-02,Toddler,33,18,2025-02-08
ENR000812,FAC0023,2025-02,Kindergarten,10,7,2025-02-20
ENR000813,FAC0023,2025-02,Infant,4,1,2025-02-14
ENR000814,FAC0023,2025-03,Kindergarten,56,50,2025-03-19
ENR000815,FAC0023,2025-03,School-Age,61,54,2025-03-22
ENR000816,FAC0023,2025-04,School-Age,20,17,2025-04-07
ENR000817,FAC0023,2025-04,Infant,30,25,2025-04-21
ENR000818,FAC0023,2025-04,Kindergarten,16,11,2025-04-06
ENR000819,FAC0023,2025-05,School-Age,5,2,2025-05-15
ENR000820,FAC0023,2025-05,Kindergarten,20,16,2025-05-01
ENR000821,FAC0023,2025-05,Preschool,13,8,2025-05-15
ENR000822,FAC0023,2025-05,Toddler,30,12,2025-05-10
ENR000823,FAC0023,2025-06,Kindergarten,27,25,2025-06-21
ENR000824,FAC0023,2025-06,School-Age,25,20,2025-06-07
ENR000825,FAC0023,2025-06,Preschool,45,39,2025-06-18
ENR000826,FAC0023,2025-07,Preschool,34,20,2025-07-01
ENR000827,FAC0023,2025-07,Kindergarten,36,18,2025-07-16
ENR000828,FAC0023,2025-07,School-Age,19,17,2025-07-11
ENR000829,FAC0023,2025-08,Toddler,17,8,2025-08-24
ENR000830,FAC0023,2025-08,Preschool,6,4,2025-08-07
ENR000831,FAC0023,2025-08,Infant,14,12,2025-08-13
ENR000832,FAC0023,2025-09,Infant,18,16,2025-09-18
ENR000833,FAC0023,2025-09,Preschool,11,9,2025-09-06
ENR000834,FAC0023,2025-09,School-Age,16,13,2025-09-08
ENR000835,FAC0023,2025-09,Kindergarten,4,3,2025-09-15
ENR000836,FAC0023,2025-10,School-Age,20,16,2025-10-19
ENR000837,FAC0023,2025-10,Kindergarten,23,16,2025-10-06
ENR000838,FAC0023,2025-10,Preschool,8,6,2025-10-09
ENR000839,FAC0023,2025-11,Kindergarten,35,30,2025-11-14
ENR000840,FAC0023,2025-11,School-Age,20,13,2025-11-11
ENR000841,FAC0023,2025-11,Toddler,21,18,2025-11-16
ENR000842,FAC0023,2025-11,Preschool,31,20,2025-11-21
ENR000843,FAC0023,2025-12,Infant,24,21,2025-12-06
ENR000844,FAC0023,2025-12,Toddler,41,20,2025-12-03
ENR000845,FAC0023,2025-12,Kindergarten,22,12,2025-12-28
ENR000846,FAC0024,2025-01,Kindergarten,19,14,2025-01-01
ENR000847,FAC0024,2025-01,Infant,10,6,2025-01-13
ENR000848,FAC0024,2025-01,School-Age,11,6,2025-01-21
ENR000849,FAC0024,2025-01,Toddler,29,20,2025-01-20
ENR000850,FAC0024,2025-02,Infant,10,9,2025-02-03
ENR000851,FAC0024,2025-02,Preschool,21,10,2025-02-05
ENR000852,FAC0024,2025-02,Toddler,21,14,2025-02-01
ENR000853,FAC0024,2025-02,School-Age,9,4,2025-02-06
ENR000854,FAC0024,2025-03,Kindergarten,19,10,2025-03-10
ENR000855,FAC0024,2025-03,Preschool,19,11,2025-03-06
ENR000856,FAC0024,2025-03,Toddler,4,1,2025-03-17
ENR000857,FAC0024,2025-03,School-Age,27,10,2025-03-07
ENR000858,FAC0024,2025-04,Kindergarten,32,17,2025-04-03
ENR000859,FAC0024,2025-04,School-Age,55,37,2025-04-05
ENR000860,FAC0024,2025-05,Preschool,45,26,2025-05-11
ENR000861,FAC0024,2025-05,School-Age,7,5,2025-05-15
ENR000862,FAC0024,2025-05,Infant,30,19,2025-05-23
ENR000863,FAC0024,2025-06,School-Age,47,44,2025-06-21
ENR000864,FAC0024,2025-06,Toddler,39,20,2025-06-12
ENR000865,FAC0024,2025-06,Preschool,10,7,2025-06-01
ENR000866,FAC0024,2025-07,School-Age,18,8,2025-07-22
ENR000867,FAC0024,2025-07,Infant,60,29,2025-07-06
ENR000868,FAC0024,2025-08,School-Age,47,28,2025-08-02
ENR000869,FAC0024,2025-08,Toddler,43,32,2025-08-17
ENR000870,FAC0024,2025-08,Kindergarten,37,15,2025-08-05
ENR000871,FAC0024,2025-09,Kindergarten,42,22,2025-09-02
ENR000872,FAC0024,2025-09,Preschool,27,20,2025-09-05
ENR000873,FAC0024,2025-09,Infant,28,15,2025-09-09
ENR000874,FAC0024,2025-10,School-Age,24,19,2025-10-25
ENR000875,FAC0024,2025-10,Preschool,34,20,2025-10-01
ENR000876,FAC0024,2025-10,Toddler,4,3,2025-10-16
ENR000877,FAC0024,2025-11,Preschool,28,15,2025-11-21
ENR000878,FAC0024,2025-11,Infant,31,14,2025-11-22
ENR000879,FAC0024,2025-11,School-Age,32,27,2025-11-08
ENR000880,FAC0024,2025-11,Toddler,24,11,2025-11-01
ENR000881,FAC0024,2025-12,School-Age,41,18,2025-12-02
ENR000882,FAC0024,2025-12,Kindergarten,26,12,2025-12-09
ENR000883,FAC0024,2025-12,Preschool,10,6,2025-12-02
ENR000884,FAC0025,2025-01,Toddler,20,16,2025-01-08
ENR000885,FAC0025,2025-01,Kindergarten,19,15,2025-01-08
ENR000886,FAC0025,2025-02,Toddler,11,9,2025-02-25
ENR000887,FAC0025,2025-02,School-Age,20,10,2025-02-19
ENR000888,FAC0025,2025-02,Infant,20,18,2025-02-16
ENR000889,FAC0025,2025-03,School-Age,11,9,2025-03-16
ENR000890,FAC0025,2025-03,Kindergarten,14,11,2025-03-20
ENR000891,FAC0025,2025-03,Infant,4,1,2025-03-24
ENR000892,FAC0025,2025-03,Toddler,13,7,2025-03-15
ENR000893,FAC0025,2025-04,Preschool,15,9,2025-04-11
ENR000894,FAC0025,2025-04,School-Age,18,8,2025-04-13
ENR000895,FAC0025,2025-04,Toddler,20,16,2025-04-14
ENR000896,FAC0025,2025-05,Kindergarten,13,7,2025-05-21
ENR000897,FAC0025,2025-05,Toddler,12,6,2025-05-12
ENR000898,FAC0025,2025-05,School-Age,16,10,2025-05-03
ENR000899,FAC0025,2025-06,Toddler,15,9,2025-06-13
ENR000900,FAC0025,2025-06,Infant,8,4,2025-06-15
ENR000901,FAC0025,2025-06,School-Age,7,4,2025-06-19
ENR000902,FAC0025,2025-06,Kindergarten,16,7,2025-06-12
ENR000903,FAC0025,2025-07,School-Age,23,10,2025-07-04
ENR000904,FAC0025,2025-07,Preschool,16,15,2025-07-23
ENR000905,FAC0025,2025-08,Infant,7,5,2025-08-01
ENR000906,FAC0025,2025-08,Toddler,20,8,2025-08-05
ENR000907,FAC0025,2025-08,School-Age,13,10,2025-08-22
ENR000908,FAC0025,2025-09,Kindergarten,10,5,2025-09-20
ENR000909,FAC0025,2025-09,Infant,4,2,2025-09-02
ENR000910,FAC0025,2025-09,Toddler,21,19,2025-09-28
ENR000911,FAC0025,2025-10,Toddler,13,7,2025-10-01
ENR000912,FAC0025,2025-10,School-Age,9,8,2025-10-05
ENR000913,FAC0025,2025-10,Preschool,18,13,2025-10-12
ENR000914,FAC0025,2025-11,Preschool,15,8,2025-11-18
ENR000915,FAC0025,2025-11,Kindergarten,9,4,2025-11-28
ENR000916,FAC0025,2025-11,School-Age,10,9,2025-11-24
ENR000917,FAC0025,2025-11,Toddler,4,2,2025-11-02
ENR000918,FAC0025,2025-12,Toddler,13,6,2025-12-24
ENR000919,FAC0025,2025-12,Infant,14,8,2025-12-26
ENR000920,FAC0026,2025-01,Preschool,17,10,2025-01-20
ENR000921,FAC0026,2025-01,Toddler,5,3,2025-01-17
ENR000922,FAC0026,2025-01,School-Age,23,19,2025-01-08
ENR000923,FAC0026,2025-02,Toddler,15,11,2025-02-18
ENR000924,FAC0026,2025-02,School-Age,20,9,2025-02-26
ENR000925,FAC0026,2025-02,Infant,5,4,2025-02-08
ENR000926,FAC0026,2025-03,School-Age,8,5,2025-03-05
ENR000927,FAC0026,2025-03,Toddler,15,12,2025-03-28
ENR000928,FAC0026,2025-03,Infant,16,8,2025-03-13
ENR000929,FAC0026,2025-03,Preschool,12,9,2025-03-22
ENR000930,FAC0026,2025-04,Kindergarten,8,4,2025-04-11
ENR000931,FAC0026,2025-04,Toddler,6,3,2025-04-07
ENR000932,FAC0026,2025-04,School-Age,15,11,2025-04-20
ENR000933,FAC0026,2025-04,Preschool,13,8,2025-04-17
ENR000934,FAC0026,2025-05,Infant,9,4,2025-05-05
ENR000935,FAC0026,2025-05,School-Age,7,6,2025-05-13
ENR000936,FAC0026,2025-05,Preschool,6,3,2025-05-22
ENR000937,FAC0026,2025-06,School-Age,10,7,2025-06-24
ENR000938,FAC0026,2025-06,Toddler,11,5,2025-06-13
ENR000939,FAC0026,2025-06,Kindergarten,23,15,2025-06-24
ENR000940,FAC0026,2025-07,Infant,13,8,2025-07-07
ENR000941,FAC0026,2025-07,Kindergarten,7,6,2025-07-03
ENR000942,FAC0026,2025-08,Kindergarten,21,12,2025-08-25
ENR000943,FAC0026,2025-08,Preschool,5,4,2025-08-25
ENR000944,FAC0026,2025-09,Preschool,10,5,2025-09-27
ENR000945,FAC0026,2025-09,Kindergarten,8,4,2025-09-28
ENR000946,FAC0026,2025-09,Infant,16,12,2025-09-08
ENR000947,FAC0026,2025-10,Toddler,6,2,2025-10-17
ENR000948,FAC0026,2025-10,Preschool,5,3,2025-10-17
ENR000949,FAC0026,2025-10,School-Age,22,12,2025-10-17
ENR000950,FAC0026,2025-11,School-Age,4,1,2025-11-28
ENR000951,FAC0026,2025-11,Toddler,13,8,2025-11-23
ENR000952,FAC0026,2025-11,Infant,14,11,2025-11-09
ENR000953,FAC0026,2025-11,Preschool,10,4,2025-11-07
ENR000954,FAC0026,2025-12,Toddler,8,3,2025-12-18
ENR000955,FAC0026,2025-12,Kindergarten,5,2,2025-12-04
ENR000956,FAC0027,2025-01,Infant,29,15,2025-01-09
ENR000957,FAC0027,2025-01,Preschool,25,12,2025-01-10
ENR000958,FAC0027,2025-01,Kindergarten,32,15,2025-01-16
ENR000959,FAC0027,2025-01,Toddler,6,2,2025-01-14
ENR000960,FAC0027,2025-02,Infant,26,16,2025-02-15
ENR000961,FAC0027,2025-02,Preschool,24,20,2025-02-28
ENR000962,FAC0027,2025-02,School-Age,32,16,2025-02-15
ENR000963,FAC0027,2025-02,Kindergarten,23,9,2025-02-02
ENR000964,FAC0027,2025-03,Infant,50,33,2025-03-01
ENR000965,FAC0027,2025-03,Kindergarten,4,3,2025-03-13
ENR000966,FAC0027,2025-04,Preschool,30,17,2025-04-03
ENR000967,FAC0027,2025-04,School-Age,10,7,2025-04-20
ENR000968,FAC0027,2025-05,Toddler,22,13,2025-05-18
ENR000969,FAC0027,2025-05,Infant,29,18,2025-05-16
ENR000970,FAC0027,2025-05,Kindergarten,34,19,2025-05-04
ENR000971,FAC0027,2025-05,Preschool,28,25,2025-05-20
ENR000972,FAC0027,2025-06,School-Age,33,30,2025-06-06
ENR000973,FAC0027,2025-06,Preschool,31,21,2025-06-22
ENR000974,FAC0027,2025-06,Toddler,4,2,2025-06-21
ENR000975,FAC0027,2025-06,Infant,35,29,2025-06-04
ENR000976,FAC0027,2025-07,Preschool,26,18,2025-07-11
ENR000977,FAC0027,2025-07,Kindergarten,26,20,2025-07-05
ENR000978,FAC0027,2025-07,Infant,38,30,2025-07-16
ENR000979,FAC0027,2025-08,Preschool,32,22,2025-08-21
ENR000980,FAC0027,2025-08,School-Age,10,7,2025-08-05
ENR000981,FAC0027,2025-09,School-Age,73,67,2025-09-24
ENR000982,FAC0027,2025-09,Infant,36,28,2025-09-09
ENR000983,FAC0027,2025-10,Preschool,42,20,2025-10-06
ENR000984,FAC0027,2025-10,Kindergarten,19,10,2025-10-01
ENR000985,FAC0027,2025-10,School-Age,10,6,2025-10-10
ENR000986,FAC0027,2025-11,School-Age,27,14,2025-11-24
ENR000987,FAC0027,2025-11,Infant,20,17,2025-11-24
ENR000988,FAC0027,2025-11,Preschool,28,22,2025-11-24
ENR000989,FAC0027,2025-11,Kindergarten,26,10,2025-11-07
ENR000990,FAC0027,2025-12,Infant,8,4,2025-12-12
ENR000991,FAC0027,2025-12,Kindergarten,26,18,2025-12-23
ENR000992,FAC0028,2025-01,Infant,19,14,2025-01-09
ENR000993,FAC0028,2025-01,School-Age,16,13,2025-01-27
ENR000994,FAC0028,2025-01,Toddler,23,13,2025-01-16
ENR000995,FAC0028,2025-01,Preschool,9,4,2025-01-20
ENR000996,FAC0028,2025-02,Infant,22,20,2025-02-20
ENR000997,FAC0028,2025-02,School-Age,5,3,2025-02-17
ENR000998,FAC0028,2025-02,Preschool,10,4,2025-02-03
ENR000999,FAC0028,2025-02,Toddler,5,4,2025-02-08
ENR001000,FAC0028,2025-03,Preschool,13,9,2025-03-11
ENR001001,FAC0028,2025-03,Kindergarten,22,17,2025-03-04
ENR001002,FAC0028,2025-03,Infant,4,2,2025-03-17
ENR001003,FAC0028,2025-03,School-Age,11,6,2025-03-04
ENR001004,FAC0028,2025-04,Kindergarten,23,11,2025-04-07
ENR001005,FAC0028,2025-04,Preschool,6,2,2025-04-13
ENR001006,FAC0028,2025-04,Toddler,27,23,2025-04-17
ENR001007,FAC0028,2025-05,Toddler,17,14,2025-05-26
ENR001008,FAC0028,2025-05,Infant,4,3,2025-05-16
ENR001009,FAC0028,2025-05,Preschool,18,7,2025-05-28
ENR001010,FAC0028,2025-05,Kindergarten,5,3,2025-05-18
ENR001011,FAC0028,2025-06,Infant,48,29,2025-06-28
ENR001012,FAC0028,2025-06,School-Age,47,35,2025-06-12
ENR001013,FAC0028,2025-07,School-Age,22,19,2025-07-11
ENR001014,FAC0028,2025-07,Toddler,6,2,2025-07-24
ENR001015,FAC0028,2025-07,Infant,8,6,2025-07-01
ENR001016,FAC0028,2025-07,Kindergarten,9,8,2025-07-07
ENR001017,FAC0028,2025-08,Kindergarten,40,30,2025-08-28
ENR001018,FAC0028,2025-08,Preschool,18,10,2025-08-23
ENR001019,FAC0028,2025-09,School-Age,6,4,2025-09-14
ENR001020,FAC0028,2025-09,Kindergarten,20,12,2025-09-05
ENR001021,FAC0028,2025-09,Preschool,20,18,2025-09-09
ENR001022,FAC0028,2025-09,Toddler,6,4,2025-09-02
ENR001023,FAC0028,2025-10,Infant,41,23,2025-10-21
ENR001024,FAC0028,2025-10,Kindergarten,21,19,2025-10-21
ENR001025,FAC0028,2025-11,Preschool,27,20,2025-11-18
ENR001026,FAC0028,2025-11,School-Age,10,8,2025-11-08
ENR001027,FAC0028,2025-11,Toddler,22,19,2025-11-27
ENR001028,FAC0028,2025-12,Infant,21,10,2025-12-13
ENR001029,FAC0028,2025-12,Toddler,7,2,2025-12-25
ENR001030,FAC0028,2025-12,Preschool,24,9,2025-12-10
ENR001031,FAC0029,2025-01,Infant,15,11,2025-01-04
ENR001032,FAC0029,2025-01,Kindergarten,6,2,2025-01-18
ENR001033,FAC0029,2025-01,School-Age,15,9,2025-01-12
ENR001034,FAC0029,2025-01,Toddler,10,5,2025-01-10
ENR001035,FAC0029,2025-02,Kindergarten,7,3,2025-02-18
ENR001036,FAC0029,2025-02,Preschool,11,7,2025-02-07
ENR001037,FAC0029,2025-02,Infant,4,2,2025-02-16
ENR001038,FAC0029,2025-02,Toddler,4,3,2025-02-10
ENR001039,FAC0029,2025-03,Infant,13,5,2025-03-16
ENR001040,FAC0029,2025-03,School-Age,24,18,2025-03-06
ENR001041,FAC0029,2025-03,Preschool,16,12,2025-03-01
ENR001042,FAC0029,2025-04,Kindergarten,5,3,2025-04-11
ENR001043,FAC0029,2025-04,Preschool,17,15,2025-04-15
ENR001044,FAC0029,2025-04,School-Age,8,4,2025-04-24
ENR001045,FAC0029,2025-04,Infant,17,10,2025-04-03
ENR001046,FAC0029,2025-05,Infant,26,14,2025-05-18
ENR001047,FAC0029,2025-05,Preschool,27,24,2025-05-04
ENR001048,FAC0029,2025-06,Kindergarten,19,13,2025-06-17
ENR001049,FAC0029,2025-06,Toddler,25,15,2025-06-27
ENR001050,FAC0029,2025-07,Preschool,16,7,2025-07-26
ENR001051,FAC0029,2025-07,Kindergarten,35,32,2025-07-04
ENR001052,FAC0029,2025-08,Preschool,32,23,2025-08-27
ENR001053,FAC0029,2025-08,Toddler,19,9,2025-08-03
ENR001054,FAC0029,2025-09,School-Age,18,7,2025-09-17
ENR001055,FAC0029,2025-09,Preschool,8,5,2025-09-12
ENR001056,FAC0029,2025-09,Infant,23,17,2025-09-21
ENR001057,FAC0029,2025-10,Infant,24,16,2025-10-13
ENR001058,FAC0029,2025-10,Preschool,24,18,2025-10-24
ENR001059,FAC0029,2025-10,Kindergarten,22,15,2025-10-09
ENR001060,FAC0029,2025-11,Toddler,6,2,2025-11-07
ENR001061,FAC0029,2025-11,Kindergarten,27,21,2025-11-26
ENR001062,FAC0029,2025-12,Toddler,14,5,2025-12-04
ENR001063,FAC0029,2025-12,Infant,22,9,2025-12-14
ENR001064,FAC0029,2025-12,Kindergarten,24,18,2025-12-20
ENR001065,FAC0030,2025-01,Toddler,11,4,2025-01-23
ENR001066,FAC0030,2025-01,School-Age,5,3,2025-01-28
ENR001067,FAC0030,2025-01,Preschool,16,7,2025-01-03
ENR001068,FAC0030,2025-02,School-Age,11,7,2025-02-13
ENR001069,FAC0030,2025-02,Toddler,9,4,2025-02-21
ENR001070,FAC0030,2025-03,Preschool,27,23,2025-03-15
ENR001071,FAC0030,2025-03,Kindergarten,19,12,2025-03-11
ENR001072,FAC0030,2025-04,Toddler,10,7,2025-04-01
ENR001073,FAC0030,2025-04,School-Age,20,18,2025-04-12
ENR001074,FAC0030,2025-05,Infant,6,2,2025-05-22
ENR001075,FAC0030,2025-05,Preschool,11,8,2025-05-28
ENR001076,FAC0030,2025-05,School-Age,4,2,2025-05-03
ENR001077,FAC0030,2025-05,Toddler,8,7,2025-05-05
ENR001078,FAC0030,2025-06,School-Age,6,2,2025-06-05
ENR001079,FAC0030,2025-06,Infant,17,8,2025-06-25
ENR001080,FAC0030,2025-06,Kindergarten,18,8,2025-06-02
ENR001081,FAC0030,2025-07,School-Age,23,14,2025-07-15
ENR001082,FAC0030,2025-07,Preschool,24,19,2025-07-26
ENR001083,FAC0030,2025-08,School-Age,11,5,2025-08-28
ENR001084,FAC0030,2025-08,Preschool,8,6,2025-08-15
ENR001085,FAC0030,2025-08,Kindergarten,7,2,2025-08-11
ENR001086,FAC0030,2025-09,Kindergarten,7,4,2025-09-12
ENR001087,FAC0030,2025-09,Toddler,10,9,2025-09-04
ENR001088,FAC0030,2025-09,Infant,12,11,2025-09-03
ENR001089,FAC0030,2025-10,School-Age,4,2,2025-10-12
ENR001090,FAC0030,2025-10,Toddler,8,5,2025-10-08
ENR001091,FAC0030,2025-10,Preschool,6,3,2025-10-02
ENR001092,FAC0030,2025-10,Infant,4,2,2025-10-05
ENR001093,FAC0030,2025-11,Toddler,9,8,2025-11-16
ENR001094,FAC0030,2025-11,School-Age,5,3,2025-11-05
ENR001095,FAC0030,2025-11,Infant,18,14,2025-11-10
ENR001096,FAC0030,2025-12,Preschool,6,4,2025-12-06
ENR001097,FAC0030,2025-12,Kindergarten,23,12,2025-12-28
ENR001098,FAC0031,2025-01,School-Age,25,22,2025-01-21
ENR001099,FAC0031,2025-01,Kindergarten,34,24,2025-01-14
ENR001100,FAC0031,2025-02,Preschool,39,33,2025-02-19
ENR001101,FAC0031,2025-02,School-Age,24,13,2025-02-28
ENR001102,FAC0031,2025-03,Kindergarten,15,10,2025-03-11
ENR001103,FAC0031,2025-03,School-Age,4,3,2025-03-13
ENR001104,FAC0031,2025-03,Toddler,18,14,2025-03-08
ENR001105,FAC0031,2025-03,Infant,17,10,2025-03-11
ENR001106,FAC0031,2025-04,Preschool,29,26,2025-04-16
ENR001107,FAC0031,2025-04,Infant,37,18,2025-04-16
ENR001108,FAC0031,2025-05,School-Age,8,6,2025-05-23
ENR001109,FAC0031,2025-05,Kindergarten,21,16,2025-05-03
ENR001110,FAC0031,2025-05,Toddler,23,18,2025-05-22
ENR001111,FAC0031,2025-06,Preschool,21,10,2025-06-22
ENR001112,FAC0031,2025-06,Infant,23,15,2025-06-11
ENR001113,FAC0031,2025-06,Kindergarten,8,7,2025-06-08
ENR001114,FAC0031,2025-06,Toddler,18,12,2025-06-27
ENR001115,FAC0031,2025-07,Infant,18,15,2025-07-13
ENR001116,FAC0031,2025-07,School-Age,22,17,2025-07-08
ENR001117,FAC0031,2025-07,Toddler,13,5,2025-07-06
ENR001118,FAC0031,2025-07,Kindergarten,10,7,2025-07-20
ENR001119,FAC0031,2025-08,Kindergarten,15,11,2025-08-05
ENR001120,FAC0031,2025-08,Preschool,21,8,2025-08-11
ENR001121,FAC0031,2025-08,School-Age,5,2,2025-08-28
ENR001122,FAC0031,2025-08,Infant,11,9,2025-08-26
ENR001123,FAC0031,2025-09,Toddler,5,2,2025-09-21
ENR001124,FAC0031,2025-09,Infant,17,11,2025-09-03
ENR001125,FAC0031,2025-09,Preschool,12,4,2025-09-16
ENR001126,FAC0031,2025-10,Toddler,8,3,2025-10-28
ENR001127,FAC0031,2025-10,Kindergarten,19,12,2025-10-14
ENR001128,FAC0031,2025-10,School-Age,15,10,2025-10-16
ENR001129,FAC0031,2025-10,Preschool,15,7,2025-10-05
ENR001130,FAC0031,2025-11,Toddler,47,36,2025-11-25
ENR001131,FAC0031,2025-11,School-Age,7,3,2025-11-26
ENR001132,FAC0031,2025-12,Kindergarten,43,33,2025-12-07
ENR001133,FAC0031,2025-12,Preschool,15,7,2025-12-25
ENR001134,FAC0032,2025-01,School-Age,28,22,2025-01-03
ENR001135,FAC0032,2025-01,Preschool,35,19,2025-01-28
ENR001136,FAC0032,2025-01,Toddler,32,30,2025-01-21
ENR001137,FAC0032,2025-02,Preschool,9,8,2025-02-21
ENR001138,FAC0032,2025-02,School-Age,13,8,2025-02-26
ENR001139,FAC0032,2025-02,Infant,18,11,2025-02-23
ENR001140,FAC0032,2025-02,Kindergarten,7,3,2025-02-14
ENR001141,FAC0032,2025-03,Infant,38,26,2025-03-22
ENR001142,FAC0032,2025-03,Toddler,67,53,2025-03-22
ENR001143,FAC0032,2025-04,School-Age,28,23,2025-04-13
ENR001144,FAC0032,2025-04,Preschool,24,16,2025-04-04
ENR001145,FAC0032,2025-04,Kindergarten,10,4,2025-04-14
ENR001146,FAC0032,2025-04,Toddler,10,5,2025-04-14
ENR001147,FAC0032,2025-05,Toddler,22,18,2025-05-18
ENR001148,FAC0032,2025-05,School-Age,40,24,2025-05-24
ENR001149,FAC0032,2025-05,Preschool,18,12,2025-05-10
ENR001150,FAC0032,2025-06,Preschool,30,24,2025-06-15
ENR001151,FAC0032,2025-06,Kindergarten,25,13,2025-06-15
ENR001152,FAC0032,2025-06,Infant,10,9,2025-06-12
ENR001153,FAC0032,2025-07,Infant,11,7,2025-07-21
ENR001154,FAC0032,2025-07,Kindergarten,41,25,2025-07-11
ENR001155,FAC0032,2025-07,Preschool,45,21,2025-07-14
ENR001156,FAC0032,2025-08,School-Age,9,4,2025-08-20
ENR001157,FAC0032,2025-08,Toddler,42,31,2025-08-13
ENR001158,FAC0032,2025-08,Preschool,33,26,2025-08-23
ENR001159,FAC0032,2025-09,School-Age,69,49,2025-09-25
ENR001160,FAC0032,2025-09,Toddler,67,49,2025-09-09
ENR001161,FAC0032,2025-10,Infant,17,11,2025-10-24
ENR001162,FAC0032,2025-10,School-Age,25,13,2025-10-26
ENR001163,FAC0032,2025-10,Kindergarten,28,17,2025-10-12
ENR001164,FAC0032,2025-10,Preschool,6,3,2025-10-11
ENR001165,FAC0032,2025-11,Kindergarten,27,18,2025-11-11
ENR001166,FAC0032,2025-11,Toddler,63,32,2025-11-03
ENR001167,FAC0032,2025-12,Kindergarten,30,28,2025-12-10
ENR001168,FAC0032,2025-12,Preschool,35,30,2025-12-04
ENR001169,FAC0032,2025-12,Toddler,23,21,2025-12-09
ENR001170,FAC0032,2025-12,Infant,29,20,2025-12-25
ENR001171,FAC0033,2025-01,Kindergarten,12,7,2025-01-25
ENR001172,FAC0033,2025-01,Infant,29,26,2025-01-19
ENR001173,FAC0033,2025-01,Preschool,33,16,2025-01-28
ENR001174,FAC0033,2025-02,Toddler,13,11,2025-02-07
ENR001175,FAC0033,2025-02,Kindergarten,5,4,2025-02-11
ENR001176,FAC0033,2025-03,Infant,17,9,2025-03-17
ENR001177,FAC0033,2025-03,Kindergarten,11,7,2025-03-23
ENR001178,FAC0033,2025-03,School-Age,31,25,2025-03-18
ENR001179,FAC0033,2025-03,Toddler,29,24,2025-03-19
ENR001180,FAC0033,2025-04,Kindergarten,20,17,2025-04-26
ENR001181,FAC0033,2025-04,School-Age,22,13,2025-04-19
ENR001182,FAC0033,2025-05,Kindergarten,27,21,2025-05-10
ENR001183,FAC0033,2025-05,Infant,10,7,2025-05-08
ENR001184,FAC0033,2025-05,Toddler,24,19,2025-05-12
ENR001185,FAC0033,2025-05,Preschool,29,19,2025-05-10
ENR001186,FAC0033,2025-06,Infant,64,35,2025-06-16
ENR001187,FAC0033,2025-06,School-Age,63,57,2025-06-12
ENR001188,FAC0033,2025-07,Infant,7,5,2025-07-25
ENR001189,FAC0033,2025-07,Kindergarten,14,11,2025-07-05
ENR001190,FAC0033,2025-07,Preschool,33,15,2025-07-08
ENR001191,FAC0033,2025-07,Toddler,12,8,2025-07-16
ENR001192,FAC0033,2025-08,Toddler,29,24,2025-08-01
ENR001193,FAC0033,2025-08,Infant,16,13,2025-08-07
ENR001194,FAC0033,2025-08,Preschool,36,20,2025-08-04
ENR001195,FAC0033,2025-09,Toddler,64,59,2025-09-24
ENR001196,FAC0033,2025-09,Kindergarten,17,14,2025-09-01
ENR001197,FAC0033,2025-10,School-Age,28,19,2025-10-18
ENR001198,FAC0033,2025-10,Toddler,36,17,2025-10-16
ENR001199,FAC0033,2025-10,Kindergarten,16,13,2025-10-26
ENR001200,FAC0033,2025-11,Preschool,20,15,2025-11-04
ENR001201,FAC0033,2025-11,Infant,13,7,2025-11-02
ENR001202,FAC0033,2025-12,Kindergarten,22,13,2025-12-12
ENR001203,FAC0033,2025-12,Toddler,26,11,2025-12-16
ENR001204,FAC0033,2025-12,School-Age,27,18,2025-12-20
ENR001205,FAC0033,2025-12,Preschool,9,3,2025-12-26
ENR001206,FAC0034,2025-01,Toddler,24,19,2025-01-09
ENR001207,FAC0034,2025-01,School-Age,7,4,2025-01-10
ENR001208,FAC0034,2025-01,Preschool,5,4,2025-01-21
ENR001209,FAC0034,2025-02,School-Age,13,5,2025-02-10
ENR001210,FAC0034,2025-02,Preschool,8,6,2025-02-17
ENR001211,FAC0034,2025-03,Kindergarten,34,31,2025-03-11
ENR001212,FAC0034,2025-03,Infant,29,18,2025-03-13
ENR001213,FAC0034,2025-04,Toddler,38,30,2025-04-10
ENR001214,FAC0034,2025-04,Kindergarten,30,23,2025-04-10
ENR001215,FAC0034,2025-05,Preschool,21,18,2025-05-09
ENR001216,FAC0034,2025-05,Kindergarten,16,7,2025-05-28
ENR001217,FAC0034,2025-05,Infant,20,18,2025-05-05
ENR001218,FAC0034,2025-06,Preschool,14,12,2025-06-15
ENR001219,FAC0034,2025-06,Toddler,7,3,2025-06-04
ENR001220,FAC0034,2025-06,Kindergarten,20,8,2025-06-04
ENR001221,FAC0034,2025-07,Infant,10,4,2025-07-27
ENR001222,FAC0034,2025-07,Preschool,21,15,2025-07-01
ENR001223,FAC0034,2025-08,School-Age,20,15,2025-08-14
ENR001224,FAC0034,2025-08,Preschool,24,21,2025-08-26
ENR001225,FAC0034,2025-08,Infant,20,10,2025-08-06
ENR001226,FAC0034,2025-09,Infant,23,10,2025-09-04
ENR001227,FAC0034,2025-09,School-Age,29,14,2025-09-02
ENR001228,FAC0034,2025-10,Kindergarten,14,9,2025-10-27
ENR001229,FAC0034,2025-10,Toddler,13,7,2025-10-16
ENR001230,FAC0034,2025-10,School-Age,12,6,2025-10-20
ENR001231,FAC0034,2025-10,Preschool,15,10,2025-10-09
ENR001232,FAC0034,2025-11,Infant,9,4,2025-11-21
ENR001233,FAC0034,2025-11,School-Age,26,13,2025-11-03
ENR001234,FAC0034,2025-12,School-Age,5,3,2025-12-27
ENR001235,FAC0034,2025-12,Preschool,11,7,2025-12-18
ENR001236,FAC0034,2025-12,Infant,9,3,2025-12-15
ENR001237,FAC0034,2025-12,Toddler,5,3,2025-12-24
ENR001238,FAC0035,2025-01,School-Age,23,18,2025-01-15
ENR001239,FAC0035,2025-01,Toddler,21,15,2025-01-27
ENR001240,FAC0035,2025-01,Kindergarten,9,4,2025-01-09
ENR001241,FAC0035,2025-02,Kindergarten,6,4,2025-02-08
ENR001242,FAC0035,2025-02,Toddler,32,21,2025-02-09
ENR001243,FAC0035,2025-03,Kindergarten,5,2,2025-03-18
ENR001244,FAC0035,2025-03,Toddler,12,5,2025-03-19
ENR001245,FAC0035,2025-03,Preschool,5,2,2025-03-04
ENR001246,FAC0035,2025-03,School-Age,6,4,2025-03-17
ENR001247,FAC0035,2025-04,Kindergarten,14,8,2025-04-08
ENR001248,FAC0035,2025-04,Toddler,9,8,2025-04-19
ENR001249,FAC0035,2025-04,Preschool,9,3,2025-04-23
ENR001250,FAC0035,2025-04,School-Age,13,11,2025-04-09
ENR001251,FAC0035,2025-05,Kindergarten,20,10,2025-05-08
ENR001252,FAC0035,2025-05,Preschool,18,11,2025-05-14
ENR001253,FAC0035,2025-05,Toddler,8,5,2025-05-03
ENR001254,FAC0035,2025-06,Preschool,19,7,2025-06-25
ENR001255,FAC0035,2025-06,School-Age,20,14,2025-06-20
ENR001256,FAC0035,2025-06,Toddler,10,7,2025-06-28
ENR001257,FAC0035,2025-07,Preschool,16,9,2025-07-18
ENR001258,FAC0035,2025-07,Kindergarten,6,3,2025-07-26
ENR001259,FAC0035,2025-07,School-Age,8,4,2025-07-05
ENR001260,FAC0035,2025-07,Toddler,12,8,2025-07-04
ENR001261,FAC0035,2025-08,School-Age,25,18,2025-08-27
ENR001262,FAC0035,2025-08,Infant,35,24,2025-08-13
ENR001263,FAC0035,2025-09,Kindergarten,13,10,2025-09-06
ENR001264,FAC0035,2025-09,Infant,18,9,2025-09-24
ENR001265,FAC0035,2025-09,Toddler,6,3,2025-09-21
ENR001266,FAC0035,2025-09,Preschool,17,11,2025-09-04
ENR001267,FAC0035,2025-10,Preschool,13,6,2025-10-05
ENR001268,FAC0035,2025-10,Toddler,4,1,2025-10-14
ENR001269,FAC0035,2025-10,Infant,7,3,2025-10-06
ENR001270,FAC0035,2025-11,Infant,15,10,2025-11-19
ENR001271,FAC0035,2025-11,Preschool,11,7,2025-11-02
ENR001272,FAC0035,2025-11,Kindergarten,22,16,2025-11-28
ENR001273,FAC0035,2025-12,Kindergarten,30,23,2025-12-04
ENR001274,FAC0035,2025-12,Preschool,23,20,2025-12-02
ENR001275,FAC0036,2025-01,Kindergarten,14,8,2025-01-02
ENR001276,FAC0036,2025-01,School-Age,8,5,2025-01-02
ENR001277,FAC0036,2025-02,Infant,9,5,2025-02-20
ENR001278,FAC0036,2025-02,Kindergarten,13,5,2025-02-19
ENR001279,FAC0036,2025-03,Kindergarten,13,9,2025-03-14
ENR001280,FAC0036,2025-03,Toddler,11,9,2025-03-16
ENR001281,FAC0036,2025-04,Infant,5,2,2025-04-20
ENR001282,FAC0036,2025-04,School-Age,6,2,2025-04-18
ENR001283,FAC0036,2025-04,Preschool,4,2,2025-04-27
ENR001284,FAC0036,2025-04,Kindergarten,8,4,2025-04-21
ENR001285,FAC0036,2025-05,Toddler,7,4,2025-05-19
ENR001286,FAC0036,2025-05,School-Age,14,11,2025-05-28
ENR001287,FAC0036,2025-06,School-Age,4,1,2025-06-03
ENR001288,FAC0036,2025-06,Toddler,9,6,2025-06-24
ENR001289,FAC0036,2025-06,Kindergarten,8,6,2025-06-03
ENR001290,FAC0036,2025-07,Kindergarten,5,4,2025-07-14
ENR001291,FAC0036,2025-07,Toddler,10,6,2025-07-09
ENR001292,FAC0036,2025-07,Preschool,8,7,2025-07-15
ENR001293,FAC0036,2025-08,Preschool,5,3,2025-08-04
ENR001294,FAC0036,2025-08,Toddler,10,6,2025-08-17
ENR001295,FAC0036,2025-08,Kindergarten,4,3,2025-08-04
ENR001296,FAC0036,2025-09,Kindergarten,11,4,2025-09-27
ENR001297,FAC0036,2025-09,Toddler,8,5,2025-09-01
ENR001298,FAC0036,2025-09,Infant,11,4,2025-09-09
ENR001299,FAC0036,2025-10,Kindergarten,5,4,2025-10-15
ENR001300,FAC0036,2025-10,Infant,18,14,2025-10-27
ENR001301,FAC0036,2025-11,Toddler,4,2,2025-11-25
ENR001302,FAC0036,2025-11,School-Age,10,7,2025-11-08
ENR001303,FAC0036,2025-11,Preschool,11,6,2025-11-27
ENR001304,FAC0036,2025-12,Preschool,5,4,2025-12-04
ENR001305,FAC0036,2025-12,Kindergarten,7,4,2025-12-16
ENR001306,FAC0036,2025-12,Toddler,8,7,2025-12-21
ENR001307,FAC0036,2025-12,School-Age,6,3,2025-12-08
ENR001308,FAC0037,2025-01,Infant,14,12,2025-01-17
ENR001309,FAC0037,2025-01,Toddler,9,6,2025-01-21
ENR001310,FAC0037,2025-01,Preschool,36,29,2025-01-12
ENR001311,FAC0037,2025-02,Infant,8,6,2025-02-04
ENR001312,FAC0037,2025-02,School-Age,25,18,2025-02-26
ENR001313,FAC0037,2025-02,Toddler,18,10,2025-02-01
ENR001314,FAC0037,2025-02,Kindergarten,16,8,2025-02-20
ENR001315,FAC0037,2025-03,Infant,28,20,2025-03-15
ENR001316,FAC0037,2025-03,Preschool,17,7,2025-03-16
ENR001317,FAC0037,2025-03,School-Age,26,24,2025-03-28
ENR001318,FAC0037,2025-03,Kindergarten,26,12,2025-03-19
ENR001319,FAC0037,2025-04,School-Age,10,9,2025-04-07
ENR001320,FAC0037,2025-04,Infant,13,11,2025-04-06
ENR001321,FAC0037,2025-05,Infant,6,4,2025-05-11
ENR001322,FAC0037,2025-05,Kindergarten,26,20,2025-05-20
ENR001323,FAC0037,2025-05,Toddler,26,11,2025-05-25
ENR001324,FAC0037,2025-06,Toddler,23,21,2025-06-21
ENR001325,FAC0037,2025-06,Preschool,10,6,2025-06-14
ENR001326,FAC0037,2025-06,Kindergarten,37,16,2025-06-12
ENR001327,FAC0037,2025-07,Toddler,21,8,2025-07-08
ENR001328,FAC0037,2025-07,Kindergarten,5,4,2025-07-11
ENR001329,FAC0037,2025-07,Preschool,8,4,2025-07-20
ENR001330,FAC0037,2025-07,School-Age,24,14,2025-07-11
ENR001331,FAC0037,2025-08,Infant,20,16,2025-08-23
ENR001332,FAC0037,2025-08,School-Age,26,22,2025-08-09
ENR001333,FAC0037,2025-08,Preschool,18,11,2025-08-16
ENR001334,FAC0037,2025-08,Kindergarten,26,15,2025-08-16
ENR001335,FAC0037,2025-09,Toddler,16,12,2025-09-20
ENR001336,FAC0037,2025-09,School-Age,20,14,2025-09-18
ENR001337,FAC0037,2025-09,Infant,13,6,2025-09-23
ENR001338,FAC0037,2025-09,Kindergarten,4,3,2025-09-12
ENR001339,FAC0037,2025-10,School-Age,26,23,2025-10-19
ENR001340,FAC0037,2025-10,Kindergarten,8,4,2025-10-23
ENR001341,FAC0037,2025-10,Preschool,25,19,2025-10-06
ENR001342,FAC0037,2025-10,Infant,7,5,2025-10-21
ENR001343,FAC0037,2025-11,Toddler,15,9,2025-11-19
ENR001344,FAC0037,2025-11,School-Age,56,51,2025-11-12
ENR001345,FAC0037,2025-12,Infant,14,8,2025-12-04
ENR001346,FAC0037,2025-12,School-Age,31,27,2025-12-03
ENR001347,FAC0037,2025-12,Toddler,10,9,2025-12-07
ENR001348,FAC0038,2025-01,Infant,38,19,2025-01-21
ENR001349,FAC0038,2025-01,Kindergarten,26,13,2025-01-12
ENR001350,FAC0038,2025-02,Preschool,4,2,2025-02-20
ENR001351,FAC0038,2025-02,Kindergarten,10,5,2025-02-23
ENR001352,FAC0038,2025-02,Toddler,8,7,2025-02-26
ENR001353,FAC0038,2025-02,School-Age,21,15,2025-02-11
ENR001354,FAC0038,2025-03,Infant,25,23,2025-03-14
ENR001355,FAC0038,2025-03,Kindergarten,29,18,2025-03-12
ENR001356,FAC0038,2025-04,Toddler,13,11,2025-04-14
ENR001357,FAC0038,2025-04,Preschool,14,9,2025-04-22
ENR001358,FAC0038,2025-04,Infant,20,17,2025-04-26
ENR001359,FAC0038,2025-04,School-Age,28,14,2025-04-13
ENR001360,FAC0038,2025-05,Kindergarten,25,10,2025-05-22
ENR001361,FAC0038,2025-05,Infant,5,4,2025-05-28
ENR001362,FAC0038,2025-05,Preschool,18,13,2025-05-24
ENR001363,FAC0038,2025-05,Toddler,19,10,2025-05-21
ENR001364,FAC0038,2025-06,School-Age,6,4,2025-06-11
ENR001365,FAC0038,2025-06,Toddler,8,5,2025-06-12
ENR001366,FAC0038,2025-06,Kindergarten,30,26,2025-06-26
ENR001367,FAC0038,2025-07,Kindergarten,33,25,2025-07-21
ENR001368,FAC0038,2025-07,School-Age,33,26,2025-07-21
ENR001369,FAC0038,2025-08,Kindergarten,9,4,2025-08-15
ENR001370,FAC0038,2025-08,Preschool,6,3,2025-08-07
ENR001371,FAC0038,2025-08,Toddler,17,12,2025-08-10
ENR001372,FAC0038,2025-08,School-Age,17,11,2025-08-18
ENR001373,FAC0038,2025-09,Preschool,47,31,2025-09-16
ENR001374,FAC0038,2025-09,Kindergarten,7,6,2025-09-10
ENR001375,FAC0038,2025-10,School-Age,24,14,2025-10-26
ENR001376,FAC0038,2025-10,Preschool,4,2,2025-10-09
ENR001377,FAC0038,2025-10,Kindergarten,23,13,2025-10-28
ENR001378,FAC0038,2025-10,Toddler,5,3,2025-10-16
ENR001379,FAC0038,2025-11,Preschool,31,25,2025-11-13
ENR001380,FAC0038,2025-11,School-Age,20,9,2025-11-19
ENR001381,FAC0038,2025-11,Kindergarten,27,13,2025-11-09
ENR001382,FAC0038,2025-12,School-Age,5,2,2025-12-18
ENR001383,FAC0038,2025-12,Kindergarten,21,19,2025-12-22
ENR001384,FAC0038,2025-12,Infant,11,7,2025-12-23
ENR001385,FAC0039,2025-01,School-Age,38,29,2025-01-14
ENR001386,FAC0039,2025-01,Kindergarten,28,19,2025-01-20
ENR001387,FAC0039,2025-02,Preschool,29,17,2025-02-09
ENR001388,FAC0039,2025-02,Kindergarten,33,14,2025-02-06
ENR001389,FAC0039,2025-02,Toddler,38,16,2025-02-01
ENR001390,FAC0039,2025-03,Infant,37,30,2025-03-20
ENR001391,FAC0039,2025-03,Preschool,32,22,2025-03-13
ENR001392,FAC0039,2025-04,Toddler,31,16,2025-04-10
ENR001393,FAC0039,2025-04,Kindergarten,39,35,2025-04-25
ENR001394,FAC0039,2025-04,School-Age,32,26,2025-04-23
ENR001395,FAC0039,2025-04,Infant,30,13,2025-04-13
ENR001396,FAC0039,2025-05,Kindergarten,42,24,2025-05-22
ENR001397,FAC0039,2025-05,School-Age,25,23,2025-05-02
ENR001398,FAC0039,2025-06,Kindergarten,43,34,2025-06-16
ENR001399,FAC0039,2025-06,Toddler,26,11,2025-06-26
ENR001400,FAC0039,2025-06,Preschool,42,18,2025-06-05
ENR001401,FAC0039,2025-07,Kindergarten,37,17,2025-07-03
ENR001402,FAC0039,2025-07,Preschool,42,29,2025-07-10
ENR001403,FAC0039,2025-07,School-Age,25,10,2025-07-27
ENR001404,FAC0039,2025-08,Infant,41,31,2025-08-14
ENR001405,FAC0039,2025-08,Preschool,45,40,2025-08-22
ENR001406,FAC0039,2025-09,Infant,26,17,2025-09-05
ENR001407,FAC0039,2025-09,School-Age,40,34,2025-09-27
ENR001408,FAC0039,2025-10,School-Age,37,27,2025-10-23
ENR001409,FAC0039,2025-10,Preschool,44,23,2025-10-23
ENR001410,FAC0039,2025-11,Preschool,39,18,2025-11-03
ENR001411,FAC0039,2025-11,School-Age,38,16,2025-11-22
ENR001412,FAC0039,2025-12,Infant,30,28,2025-12-23
ENR001413,FAC0039,2025-12,Preschool,34,23,2025-12-25
ENR001414,FAC0039,2025-12,School-Age,45,33,2025-12-17
ENR001415,FAC0039,2025-12,Kindergarten,27,16,2025-12-14
ENR001416,FAC0040,2025-01,Kindergarten,20,14,2025-01-19
ENR001417,FAC0040,2025-01,Toddler,11,9,2025-01-04
ENR001418,FAC0040,2025-01,Preschool,20,8,2025-01-02
ENR001419,FAC0040,2025-02,Toddler,19,9,2025-02-27
ENR001420,FAC0040,2025-02,Kindergarten,14,6,2025-02-14
ENR001421,FAC0040,2025-03,Preschool,12,8,2025-03-05
ENR001422,FAC0040,2025-03,Toddler,16,14,2025-03-26
ENR001423,FAC0040,2025-03,Kindergarten,11,9,2025-03-13
ENR001424,FAC0040,2025-03,School-Age,9,8,2025-03-14
ENR001425,FAC0040,2025-04,Preschool,12,4,2025-04-14
ENR001426,FAC0040,2025-04,Infant,13,8,2025-04-21
ENR001427,FAC0040,2025-04,Kindergarten,5,2,2025-04-06
ENR001428,FAC0040,2025-04,School-Age,13,6,2025-04-13
ENR001429,FAC0040,2025-05,Infant,19,11,2025-05-11
ENR001430,FAC0040,2025-05,Preschool,14,11,2025-05-05
ENR001431,FAC0040,2025-06,Toddler,23,18,2025-06-17
ENR001432,FAC0040,2025-06,Infant,21,19,2025-06-27
ENR001433,FAC0040,2025-06,Kindergarten,16,10,2025-06-01
ENR001434,FAC0040,2025-07,Kindergarten,8,5,2025-07-27
ENR001435,FAC0040,2025-07,Toddler,4,2,2025-07-17
ENR001436,FAC0040,2025-07,School-Age,7,4,2025-07-22
ENR001437,FAC0040,2025-07,Infant,5,2,2025-07-03
ENR001438,FAC0040,2025-08,Infant,10,6,2025-08-26
ENR001439,FAC0040,2025-08,Preschool,28,18,2025-08-19
ENR001440,FAC0040,2025-09,Infant,19,16,2025-09-02
ENR001441,FAC0040,2025-09,Preschool,10,6,2025-09-02
ENR001442,FAC0040,2025-09,School-Age,21,13,2025-09-22
ENR001443,FAC0040,2025-10,Kindergarten,4,3,2025-10-28
ENR001444,FAC0040,2025-10,Toddler,23,20,2025-10-23
ENR001445,FAC0040,2025-10,School-Age,19,8,2025-10-10
ENR001446,FAC0040,2025-11,School-Age,22,11,2025-11-02
ENR001447,FAC0040,2025-11,Kindergarten,6,5,2025-11-06
ENR001448,FAC0040,2025-11,Toddler,12,5,2025-11-13
ENR001449,FAC0040,2025-12,Preschool,16,8,2025-12-18
ENR001450,FAC0040,2025-12,Kindergarten,6,2,2025-12-08
ENR001451,FAC0040,2025-12,Toddler,8,5,2025-12-26
ENR001452,FAC0040,2025-12,Infant,6,2,2025-12-01
ENR001453,FAC0041,2025-01,School-Age,14,8,2025-01-06
ENR001454,FAC0041,2025-01,Kindergarten,8,3,2025-01-10
ENR001455,FAC0041,2025-02,Preschool,22,20,2025-02-04
ENR001456,FAC0041,2025-02,Kindergarten,6,3,2025-02-21
ENR001457,FAC0041,2025-02,Toddler,9,7,2025-02-01
ENR001458,FAC0041,2025-03,School-Age,19,12,2025-03-07
ENR001459,FAC0041,2025-03,Infant,23,16,2025-03-06
ENR001460,FAC0041,2025-03,Kindergarten,18,10,2025-03-05
ENR001461,FAC0041,2025-04,School-Age,11,7,2025-04-07
ENR001462,FAC0041,2025-04,Kindergarten,23,10,2025-04-18
ENR001463,FAC0041,2025-04,Preschool,4,1,2025-04-28
ENR001464,FAC0041,2025-05,Infant,21,16,2025-05-27
ENR001465,FAC0041,2025-05,Kindergarten,16,7,2025-05-24
ENR001466,FAC0041,2025-05,Preschool,19,12,2025-05-10
ENR001467,FAC0041,2025-06,Toddler,17,8,2025-06-15
ENR001468,FAC0041,2025-06,Infant,18,13,2025-06-03
ENR001469,FAC0041,2025-06,Preschool,11,5,2025-06-21
ENR001470,FAC0041,2025-06,Kindergarten,18,10,2025-06-21
ENR001471,FAC0041,2025-07,Kindergarten,15,9,2025-07-01
ENR001472,FAC0041,2025-07,School-Age,7,3,2025-07-08
ENR001473,FAC0041,2025-07,Infant,11,7,2025-07-12
ENR001474,FAC0041,2025-07,Toddler,10,7,2025-07-12
ENR001475,FAC0041,2025-08,Preschool,13,10,2025-08-07
ENR001476,FAC0041,2025-08,Toddler,11,8,2025-08-28
ENR001477,FAC0041,2025-08,Kindergarten,8,6,2025-08-22
ENR001478,FAC0041,2025-09,Toddler,16,10,2025-09-13
ENR001479,FAC0041,2025-09,Preschool,9,8,2025-09-03
ENR001480,FAC0041,2025-09,School-Age,7,3,2025-09-08
ENR001481,FAC0041,2025-09,Kindergarten,18,9,2025-09-25
ENR001482,FAC0041,2025-10,Infant,5,2,2025-10-01
ENR001483,FAC0041,2025-10,School-Age,17,12,2025-10-27
ENR001484,FAC0041,2025-10,Preschool,9,5,2025-10-26
ENR001485,FAC0041,2025-10,Kindergarten,17,10,2025-10-26
ENR001486,FAC0041,2025-11,Preschool,16,12,2025-11-12
ENR001487,FAC0041,2025-11,Kindergarten,5,4,2025-11-16
ENR001488,FAC0041,2025-11,Toddler,15,8,2025-11-04
ENR001489,FAC0041,2025-11,School-Age,11,6,2025-11-11
ENR001490,FAC0041,2025-12,Infant,17,10,2025-12-15
ENR001491,FAC0041,2025-12,Kindergarten,15,8,2025-12-24
ENR001492,FAC0041,2025-12,School-Age,17,8,2025-12-02
ENR001493,FAC0041,2025-12,Preschool,14,11,2025-12-04
ENR001494,FAC0042,2025-01,Preschool,21,12,2025-01-04
ENR001495,FAC0042,2025-01,Infant,24,13,2025-01-26
ENR001496,FAC0042,2025-02,Toddler,15,8,2025-02-25
ENR001497,FAC0042,2025-02,Infant,10,5,2025-02-02
ENR001498,FAC0042,2025-02,School-Age,21,10,2025-02-23
ENR001499,FAC0042,2025-02,Kindergarten,12,6,2025-02-03
ENR001500,FAC0042,2025-03,Preschool,7,3,2025-03-02
ENR001501,FAC0042,2025-03,Kindergarten,15,6,2025-03-15
ENR001502,FAC0042,2025-03,School-Age,7,5,2025-03-03
ENR001503,FAC0042,2025-03,Infant,19,12,2025-03-15
ENR001504,FAC0042,2025-04,Infant,13,5,2025-04-02
ENR001505,FAC0042,2025-04,Preschool,9,4,2025-04-11
ENR001506,FAC0042,2025-04,Toddler,17,7,2025-04-28
ENR001507,FAC0042,2025-05,Preschool,5,3,2025-05-04
ENR001508,FAC0042,2025-05,School-Age,4,3,2025-05-08
ENR001509,FAC0042,2025-05,Kindergarten,21,17,2025-05-05
ENR001510,FAC0042,2025-05,Toddler,13,11,2025-05-23
ENR001511,FAC0042,2025-06,Toddler,5,2,2025-06-25
ENR001512,FAC0042,2025-06,School-Age,18,10,2025-06-27
ENR001513,FAC0042,2025-06,Preschool,19,16,2025-06-15
ENR001514,FAC0042,2025-06,Kindergarten,4,2,2025-06-01
ENR001515,FAC0042,2025-07,Infant,7,5,2025-07-23
ENR001516,FAC0042,2025-07,School-Age,23,18,2025-07-19
ENR001517,FAC0042,2025-07,Toddler,13,8,2025-07-12
ENR001518,FAC0042,2025-07,Kindergarten,21,13,2025-07-19
ENR001519,FAC0042,2025-08,Preschool,12,9,2025-08-02
ENR001520,FAC0042,2025-08,School-Age,15,7,2025-08-28
ENR001521,FAC0042,2025-08,Toddler,17,11,2025-08-03
ENR001522,FAC0042,2025-08,Kindergarten,21,12,2025-08-02
ENR001523,FAC0042,2025-09,Kindergarten,26,20,2025-09-26
ENR001524,FAC0042,2025-09,Preschool,24,14,2025-09-15
ENR001525,FAC0042,2025-09,School-Age,19,8,2025-09-02
ENR001526,FAC0042,2025-10,Infant,28,25,2025-10-03
ENR001527,FAC0042,2025-10,Toddler,34,25,2025-10-14
ENR001528,FAC0042,2025-11,Preschool,24,18,2025-11-09
ENR001529,FAC0042,2025-11,School-Age,30,19,2025-11-17
ENR001530,FAC0042,2025-11,Toddler,9,4,2025-11-28
ENR001531,FAC0042,2025-12,Infant,26,12,2025-12-22
ENR001532,FAC0042,2025-12,Kindergarten,12,7,2025-12-14
ENR001533,FAC0042,2025-12,Toddler,23,10,2025-12-15
ENR001534,FAC0043,2025-01,Toddler,18,10,2025-01-09
ENR001535,FAC0043,2025-01,School-Age,26,16,2025-01-02
ENR001536,FAC0043,2025-02,Preschool,12,5,2025-02-21
ENR001537,FAC0043,2025-02,Toddler,26,11,2025-02-25
ENR001538,FAC0043,2025-02,Kindergarten,22,15,2025-02-18
ENR001539,FAC0043,2025-03,Preschool,31,24,2025-03-21
ENR001540,FAC0043,2025-03,Infant,24,9,2025-03-25
ENR001541,FAC0043,2025-03,Kindergarten,21,17,2025-03-26
ENR001542,FAC0043,2025-04,Toddler,4,3,2025-04-07
ENR001543,FAC0043,2025-04,Kindergarten,21,17,2025-04-03
ENR001544,FAC0043,2025-04,Preschool,19,9,2025-04-05
ENR001545,FAC0043,2025-05,Preschool,19,18,2025-05-19
ENR001546,FAC0043,2025-05,Kindergarten,32,21,2025-05-23
ENR001547,FAC0043,2025-06,Toddler,6,4,2025-06-28
ENR001548,FAC0043,2025-06,Kindergarten,7,6,2025-06-24
ENR001549,FAC0043,2025-06,Preschool,10,5,2025-06-25
ENR001550,FAC0043,2025-06,School-Age,13,12,2025-06-02
ENR001551,FAC0043,2025-07,Toddler,30,17,2025-07-23
ENR001552,FAC0043,2025-07,Infant,29,27,2025-07-22
ENR001553,FAC0043,2025-07,Kindergarten,26,16,2025-07-04
ENR001554,FAC0043,2025-08,Infant,12,5,2025-08-04
ENR001555,FAC0043,2025-08,Kindergarten,11,10,2025-08-05
ENR001556,FAC0043,2025-08,Preschool,14,11,2025-08-22
ENR001557,FAC0043,2025-09,Infant,28,22,2025-09-05
ENR001558,FAC0043,2025-09,Toddler,33,23,2025-09-09
ENR001559,FAC0043,2025-10,Infant,20,11,2025-10-05
ENR001560,FAC0043,2025-10,Kindergarten,5,3,2025-10-22
ENR001561,FAC0043,2025-10,School-Age,21,16,2025-10-22
ENR001562,FAC0043,2025-10,Toddler,16,10,2025-10-16
ENR001563,FAC0043,2025-11,Preschool,9,6,2025-11-13
ENR001564,FAC0043,2025-11,Kindergarten,19,17,2025-11-25
ENR001565,FAC0043,2025-11,School-Age,16,13,2025-11-06
ENR001566,FAC0043,2025-11,Infant,14,9,2025-11-02
ENR001567,FAC0043,2025-12,Infant,14,9,2025-12-03
ENR001568,FAC0043,2025-12,Preschool,43,25,2025-12-14
ENR001569,FAC0044,2025-01,Kindergarten,50,46,2025-01-17
ENR001570,FAC0044,2025-01,School-Age,33,17,2025-01-08
ENR001571,FAC0044,2025-02,Kindergarten,16,9,2025-02-24
ENR001572,FAC0044,2025-02,Toddler,54,27,2025-02-09
ENR001573,FAC0044,2025-03,Toddler,19,9,2025-03-02
ENR001574,FAC0044,2025-03,School-Age,39,32,2025-03-20
ENR001575,FAC0044,2025-04,Preschool,22,13,2025-04-13
ENR001576,FAC0044,2025-04,Kindergarten,8,5,2025-04-26
ENR001577,FAC0044,2025-04,Toddler,13,5,2025-04-05
ENR001578,FAC0044,2025-05,School-Age,23,14,2025-05-24
ENR001579,FAC0044,2025-05,Kindergarten,32,15,2025-05-01
ENR001580,FAC0044,2025-05,Toddler,30,16,2025-05-06
ENR001581,FAC0044,2025-06,Toddler,15,7,2025-06-03
ENR001582,FAC0044,2025-06,School-Age,8,3,2025-06-13
ENR001583,FAC0044,2025-06,Kindergarten,23,12,2025-06-23
ENR001584,FAC0044,2025-06,Preschool,14,7,2025-06-20
ENR001585,FAC0044,2025-07,Preschool,25,20,2025-07-24
ENR001586,FAC0044,2025-07,Kindergarten,21,18,2025-07-25
ENR001587,FAC0044,2025-07,Infant,19,16,2025-07-07
ENR001588,FAC0044,2025-08,Kindergarten,5,2,2025-08-14
ENR001589,FAC0044,2025-08,Toddler,49,28,2025-08-25
ENR001590,FAC0044,2025-09,Preschool,31,25,2025-09-09
ENR001591,FAC0044,2025-09,School-Age,34,14,2025-09-10
ENR001592,FAC0044,2025-09,Infant,20,14,2025-09-21
ENR001593,FAC0044,2025-10,School-Age,23,18,2025-10-06
ENR001594,FAC0044,2025-10,Preschool,17,15,2025-10-10
ENR001595,FAC0044,2025-10,Infant,27,19,2025-10-08
ENR001596,FAC0044,2025-11,Preschool,18,9,2025-11-05
ENR001597,FAC0044,2025-11,School-Age,26,12,2025-11-20
ENR001598,FAC0044,2025-11,Infant,8,6,2025-11-21
ENR001599,FAC0044,2025-11,Kindergarten,27,15,2025-11-03
ENR001600,FAC0044,2025-12,School-Age,8,6,2025-12-10
ENR001601,FAC0044,2025-12,Kindergarten,9,6,2025-12-21
ENR001602,FAC0044,2025-12,Preschool,19,16,2025-12-26
ENR001603,FAC0044,2025-12,Infant,14,10,2025-12-11
ENR001604,FAC0045,2025-01,Infant,4,3,2025-01-22
ENR001605,FAC0045,2025-01,Preschool,17,15,2025-01-21
ENR001606,FAC0045,2025-02,Infant,8,7,2025-02-07
ENR001607,FAC0045,2025-02,School-Age,8,5,2025-02-19
ENR001608,FAC0045,2025-02,Toddler,11,9,2025-02-11
ENR001609,FAC0045,2025-02,Kindergarten,5,3,2025-02-23
ENR001610,FAC0045,2025-03,Preschool,10,5,2025-03-12
ENR001611,FAC0045,2025-03,Kindergarten,17,14,2025-03-25
ENR001612,FAC0045,2025-03,Toddler,19,13,2025-03-10
ENR001613,FAC0045,2025-03,Infant,20,14,2025-03-28
ENR001614,FAC0045,2025-04,Infant,11,8,2025-04-10
ENR001615,FAC0045,2025-04,Toddler,31,29,2025-04-26
ENR001616,FAC0045,2025-05,School-Age,13,6,2025-05-21
ENR001617,FAC0045,2025-05,Kindergarten,25,20,2025-05-16
ENR001618,FAC0045,2025-05,Infant,6,4,2025-05-16
ENR001619,FAC0045,2025-05,Toddler,14,8,2025-05-23
ENR001620,FAC0045,2025-06,Infant,21,17,2025-06-13
ENR001621,FAC0045,2025-06,Preschool,21,17,2025-06-14
ENR001622,FAC0045,2025-06,Toddler,11,4,2025-06-11
ENR001623,FAC0045,2025-07,Preschool,34,30,2025-07-11
ENR001624,FAC0045,2025-07,Infant,24,20,2025-07-27
ENR001625,FAC0045,2025-07,School-Age,8,6,2025-07-26
ENR001626,FAC0045,2025-08,Toddler,22,13,2025-08-17
ENR001627,FAC0045,2025-08,Kindergarten,24,16,2025-08-16
ENR001628,FAC0045,2025-09,Kindergarten,4,3,2025-09-08
ENR001629,FAC0045,2025-09,School-Age,13,6,2025-09-17
ENR001630,FAC0045,2025-10,Infant,32,21,2025-10-16
ENR001631,FAC0045,2025-10,Toddler,55,36,2025-10-13
ENR001632,FAC0045,2025-11,Toddler,11,6,2025-11-22
ENR001633,FAC0045,2025-11,School-Age,37,16,2025-11-09
ENR001634,FAC0045,2025-11,Kindergarten,33,25,2025-11-25
ENR001635,FAC0045,2025-12,Kindergarten,32,14,2025-12-07
ENR001636,FAC0045,2025-12,Preschool,14,5,2025-12-25
ENR001637,FAC0045,2025-12,Toddler,27,21,2025-12-18
ENR001638,FAC0046,2025-01,Preschool,8,7,2025-01-08
ENR001639,FAC0046,2025-01,Infant,9,7,2025-01-12
ENR001640,FAC0046,2025-01,Kindergarten,7,3,2025-01-20
ENR001641,FAC0046,2025-02,Preschool,7,4,2025-02-26
ENR001642,FAC0046,2025-02,Toddler,5,3,2025-02-22
ENR001643,FAC0046,2025-02,Kindergarten,8,6,2025-02-08
ENR001644,FAC0046,2025-02,Infant,9,8,2025-02-01
ENR001645,FAC0046,2025-03,Toddler,4,1,2025-03-16
ENR001646,FAC0046,2025-03,Infant,9,5,2025-03-07
ENR001647,FAC0046,2025-03,Preschool,10,4,2025-03-26
ENR001648,FAC0046,2025-03,Kindergarten,6,2,2025-03-19
ENR001649,FAC0046,2025-04,Kindergarten,20,14,2025-04-21
ENR001650,FAC0046,2025-04,Preschool,23,12,2025-04-26
ENR001651,FAC0046,2025-05,School-Age,22,13,2025-05-10
ENR001652,FAC0046,2025-05,Kindergarten,5,4,2025-05-23
ENR001653,FAC0046,2025-06,Preschool,4,2,2025-06-20
ENR001654,FAC0046,2025-06,School-Age,12,10,2025-06-04
ENR001655,FAC0046,2025-06,Toddler,6,4,2025-06-27
ENR001656,FAC0046,2025-07,Toddler,8,4,2025-07-12
ENR001657,FAC0046,2025-07,Preschool,7,4,2025-07-14
ENR001658,FAC0046,2025-08,Infant,7,4,2025-08-27
ENR001659,FAC0046,2025-08,Preschool,7,5,2025-08-09
ENR001660,FAC0046,2025-08,Kindergarten,4,2,2025-08-21
ENR001661,FAC0046,2025-08,Toddler,4,1,2025-08-04
ENR001662,FAC0046,2025-09,Kindergarten,8,5,2025-09-27
ENR001663,FAC0046,2025-09,School-Age,6,4,2025-09-08
ENR001664,FAC0046,2025-09,Toddler,8,7,2025-09-27
ENR001665,FAC0046,2025-09,Infant,9,5,2025-09-01
ENR001666,FAC0046,2025-10,Preschool,10,7,2025-10-04
ENR001667,FAC0046,2025-10,Infant,10,6,2025-10-06
ENR001668,FAC0046,2025-10,Toddler,4,2,2025-10-20
ENR001669,FAC0046,2025-10,Kindergarten,8,6,2025-10-04
ENR001670,FAC0046,2025-11,Infant,14,10,2025-11-01
ENR001671,FAC0046,2025-11,School-Age,9,8,2025-11-19
ENR001672,FAC0046,2025-11,Toddler,14,12,2025-11-15
ENR001673,FAC0046,2025-12,Infant,5,3,2025-12-03
ENR001674,FAC0046,2025-12,School-Age,14,9,2025-12-10
ENR001675,FAC0046,2025-12,Kindergarten,7,4,2025-12-19
ENR001676,FAC0047,2025-01,Preschool,14,8,2025-01-25
ENR001677,FAC0047,2025-01,Kindergarten,13,8,2025-01-02
ENR001678,FAC0047,2025-01,Infant,8,6,2025-01-17
ENR001679,FAC0047,2025-02,Infant,22,8,2025-02-19
ENR001680,FAC0047,2025-02,School-Age,8,4,2025-02-01
ENR001681,FAC0047,2025-03,School-Age,4,2,2025-03-01
ENR001682,FAC0047,2025-03,Toddler,6,4,2025-03-23
ENR001683,FAC0047,2025-04,School-Age,4,3,2025-04-11
ENR001684,FAC0047,2025-04,Preschool,4,1,2025-04-10
ENR001685,FAC0047,2025-04,Toddler,14,8,2025-04-26
ENR001686,FAC0047,2025-05,Kindergarten,10,8,2025-05-03
ENR001687,FAC0047,2025-05,Preschool,4,2,2025-05-26
ENR001688,FAC0047,2025-05,Infant,5,2,2025-05-26
ENR001689,FAC0047,2025-05,Toddler,7,3,2025-05-13
ENR001690,FAC0047,2025-06,Kindergarten,4,2,2025-06-16
ENR001691,FAC0047,2025-06,Preschool,9,4,2025-06-17
ENR001692,FAC0047,2025-06,Toddler,9,4,2025-06-21
ENR001693,FAC0047,2025-06,School-Age,4,3,2025-06-22
ENR001694,FAC0047,2025-07,School-Age,18,11,2025-07-23
ENR001695,FAC0047,2025-07,Infant,19,14,2025-07-25
ENR001696,FAC0047,2025-08,Preschool,4,2,2025-08-20
ENR001697,FAC0047,2025-08,School-Age,10,7,2025-08-11
ENR001698,FAC0047,2025-08,Infant,5,4,2025-08-27
ENR001699,FAC0047,2025-09,Toddler,9,3,2025-09-07
ENR001700,FAC0047,2025-09,School-Age,14,10,2025-09-13
ENR001701,FAC0047,2025-09,Preschool,12,6,2025-09-18
ENR001702,FAC0047,2025-10,Kindergarten,7,3,2025-10-28
ENR001703,FAC0047,2025-10,Infant,22,20,2025-10-06
ENR001704,FAC0047,2025-11,Kindergarten,4,2,2025-11-22
ENR001705,FAC0047,2025-11,Preschool,5,4,2025-11-17
ENR001706,FAC0047,2025-11,Toddler,8,5,2025-11-22
ENR001707,FAC0047,2025-11,School-Age,4,3,2025-11-03
ENR001708,FAC0047,2025-12,Preschool,22,20,2025-12-04
ENR001709,FAC0047,2025-12,Kindergarten,12,6,2025-12-05
ENR001710,FAC0048,2025-01,School-Age,5,3,2025-01-26
ENR001711,FAC0048,2025-01,Preschool,9,4,2025-01-13
ENR001712,FAC0048,2025-01,Infant,10,7,2025-01-06
ENR001713,FAC0048,2025-01,Toddler,10,6,2025-01-12
ENR001714,FAC0048,2025-02,Preschool,5,4,2025-02-12
ENR001715,FAC0048,2025-02,Toddler,8,5,2025-02-28
ENR001716,FAC0048,2025-02,Infant,9,7,2025-02-13
ENR001717,FAC0048,2025-02,School-Age,10,4,2025-02-13
ENR001718,FAC0048,2025-03,Kindergarten,9,6,2025-03-15
ENR001719,FAC0048,2025-03,Toddler,15,7,2025-03-05
ENR001720,FAC0048,2025-04,Preschool,10,5,2025-04-20
ENR001721,FAC0048,2025-04,Kindergarten,5,3,2025-04-28
ENR001722,FAC0048,2025-04,School-Age,6,5,2025-04-07
ENR001723,FAC0048,2025-04,Toddler,4,2,2025-04-26
ENR001724,FAC0048,2025-05,Toddler,7,4,2025-05-01
ENR001725,FAC0048,2025-05,Infant,13,6,2025-05-28
ENR001726,FAC0048,2025-05,Kindergarten,7,5,2025-05-21
ENR001727,FAC0048,2025-06,Toddler,20,8,2025-06-28
ENR001728,FAC0048,2025-06,Kindergarten,20,16,2025-06-13
ENR001729,FAC0048,2025-07,Infant,5,2,2025-07-14
ENR001730,FAC0048,2025-07,Kindergarten,9,8,2025-07-18
ENR001731,FAC0048,2025-07,School-Age,10,4,2025-07-03
ENR001732,FAC0048,2025-07,Preschool,10,9,2025-07-17
ENR001733,FAC0048,2025-08,Infant,5,3,2025-08-14
ENR001734,FAC0048,2025-08,Preschool,13,7,2025-08-20
ENR001735,FAC0048,2025-08,School-Age,4,2,2025-08-01
ENR001736,FAC0048,2025-09,Kindergarten,4,1,2025-09-17
ENR001737,FAC0048,2025-09,Preschool,9,3,2025-09-01
ENR001738,FAC0048,2025-09,Toddler,9,4,2025-09-26
ENR001739,FAC0048,2025-10,Kindergarten,6,2,2025-10-25
ENR001740,FAC0048,2025-10,School-Age,14,6,2025-10-20
ENR001741,FAC0048,2025-10,Infant,11,8,2025-10-22
ENR001742,FAC0048,2025-11,Kindergarten,12,6,2025-11-14
ENR001743,FAC0048,2025-11,School-Age,14,12,2025-11-20
ENR001744,FAC0048,2025-11,Toddler,13,6,2025-11-26
ENR001745,FAC0048,2025-12,Toddler,11,8,2025-12-11
ENR001746,FAC0048,2025-12,Kindergarten,13,9,2025-12-03
ENR001747,FAC0049,2025-01,Kindergarten,13,7,2025-01-13
ENR001748,FAC0049,2025-01,Preschool,17,13,2025-01-17
ENR001749,FAC0049,2025-01,Toddler,12,8,2025-01-23
ENR001750,FAC0049,2025-01,School-Age,20,18,2025-01-05
ENR001751,FAC0049,2025-02,Toddler,18,8,2025-02-25
ENR001752,FAC0049,2025-02,Infant,18,10,2025-02-02
ENR001753,FAC0049,2025-02,School-Age,18,13,2025-02-25
ENR001754,FAC0049,2025-03,Preschool,26,22,2025-03-13
ENR001755,FAC0049,2025-03,Infant,4,1,2025-03-11
ENR001756,FAC0049,2025-03,Kindergarten,6,3,2025-03-25
ENR001757,FAC0049,2025-04,Toddler,39,36,2025-04-26
ENR001758,FAC0049,2025-04,Infant,27,19,2025-04-21
ENR001759,FAC0049,2025-05,Toddler,6,5,2025-05-24
ENR001760,FAC0049,2025-05,Preschool,11,8,2025-05-06
ENR001761,FAC0049,2025-05,Kindergarten,23,13,2025-05-28
ENR001762,FAC0049,2025-06,Toddler,26,15,2025-06-23
ENR001763,FAC0049,2025-06,Infant,9,6,2025-06-06
ENR001764,FAC0049,2025-06,School-Age,18,14,2025-06-24
ENR001765,FAC0049,2025-07,Preschool,9,7,2025-07-17
ENR001766,FAC0049,2025-07,Toddler,18,9,2025-07-05
ENR001767,FAC0049,2025-08,School-Age,41,21,2025-08-24
ENR001768,FAC0049,2025-08,Toddler,40,31,2025-08-25
ENR001769,FAC0049,2025-09,Preschool,26,12,2025-09-25
ENR001770,FAC0049,2025-09,Infant,9,7,2025-09-25
ENR001771,FAC0049,2025-10,Infant,21,9,2025-10-04
ENR001772,FAC0049,2025-10,School-Age,23,10,2025-10-22
ENR001773,FAC0049,2025-10,Toddler,16,7,2025-10-17
ENR001774,FAC0049,2025-11,Preschool,19,8,2025-11-14
ENR001775,FAC0049,2025-11,Infant,18,12,2025-11-05
ENR001776,FAC0049,2025-12,School-Age,29,15,2025-12-22
ENR001777,FAC0049,2025-12,Preschool,25,17,2025-12-23
ENR001778,FAC0050,2025-01,Toddler,18,16,2025-01-11
ENR001779,FAC0050,2025-01,School-Age,12,7,2025-01-28
ENR001780,FAC0050,2025-01,Preschool,12,5,2025-01-12
ENR001781,FAC0050,2025-02,Preschool,7,5,2025-02-13
ENR001782,FAC0050,2025-02,Kindergarten,18,13,2025-02-25
ENR001783,FAC0050,2025-03,School-Age,20,17,2025-03-11
ENR001784,FAC0050,2025-03,Toddler,6,2,2025-03-10
ENR001785,FAC0050,2025-04,Preschool,16,11,2025-04-06
ENR001786,FAC0050,2025-04,Toddler,28,14,2025-04-02
ENR001787,FAC0050,2025-05,Preschool,19,17,2025-05-03
ENR001788,FAC0050,2025-05,School-Age,18,9,2025-05-01
ENR001789,FAC0050,2025-06,School-Age,7,5,2025-06-10
ENR001790,FAC0050,2025-06,Infant,11,10,2025-06-25
ENR001791,FAC0050,2025-07,School-Age,17,7,2025-07-26
ENR001792,FAC0050,2025-07,Kindergarten,5,2,2025-07-13
ENR001793,FAC0050,2025-07,Preschool,7,3,2025-07-15
ENR001794,FAC0050,2025-08,Infant,28,20,2025-08-17
ENR001795,FAC0050,2025-08,Toddler,6,4,2025-08-17
ENR001796,FAC0050,2025-09,Kindergarten,9,5,2025-09-01
ENR001797,FAC0050,2025-09,Infant,12,8,2025-09-14
ENR001798,FAC0050,2025-10,School-Age,5,4,2025-10-19
ENR001799,FAC0050,2025-10,Kindergarten,10,8,2025-10-06
ENR001800,FAC0050,2025-10,Toddler,11,6,2025-10-27
ENR001801,FAC0050,2025-10,Infant,12,9,2025-10-28
ENR001802,FAC0050,2025-11,School-Age,8,3,2025-11-07
ENR001803,FAC0050,2025-11,Kindergarten,17,11,2025-11-03
ENR001804,FAC0050,2025-11,Preschool,17,15,2025-11-10
ENR001805,FAC0050,2025-12,Toddler,15,13,2025-12-26
ENR001806,FAC0050,2025-12,School-Age,9,3,2025-12-25
ENR001807,FAC0050,2025-12,Infant,18,15,2025-12-01
ENR001808,FAC0051,2025-01,Kindergarten,6,2,2025-01-03
ENR001809,FAC0051,2025-01,Toddler,6,3,2025-01-04
ENR001810,FAC0051,2025-01,Preschool,7,6,2025-01-07
ENR001811,FAC0051,2025-01,Infant,10,5,2025-01-22
ENR001812,FAC0051,2025-02,School-Age,13,5,2025-02-28
ENR001813,FAC0051,2025-02,Infant,7,5,2025-02-25
ENR001814,FAC0051,2025-02,Kindergarten,5,2,2025-02-25
ENR001815,FAC0051,2025-03,Kindergarten,4,2,2025-03-13
ENR001816,FAC0051,2025-03,Preschool,6,2,2025-03-12
ENR001817,FAC0051,2025-03,Toddler,6,4,2025-03-08
ENR001818,FAC0051,2025-03,Infant,9,5,2025-03-13
ENR001819,FAC0051,2025-04,Kindergarten,17,14,2025-04-01
ENR001820,FAC0051,2025-04,Preschool,16,10,2025-04-13
ENR001821,FAC0051,2025-05,Toddler,11,5,2025-05-27
ENR001822,FAC0051,2025-05,Kindergarten,8,3,2025-05-16
ENR001823,FAC0051,2025-05,School-Age,12,4,2025-05-01
ENR001824,FAC0051,2025-06,Toddler,9,4,2025-06-23
ENR001825,FAC0051,2025-06,School-Age,9,8,2025-06-06
ENR001826,FAC0051,2025-06,Infant,8,6,2025-06-09
ENR001827,FAC0051,2025-06,Preschool,10,7,2025-06-17
ENR001828,FAC0051,2025-07,Preschool,4,3,2025-07-08
ENR001829,FAC0051,2025-07,Toddler,10,9,2025-07-12
ENR001830,FAC0051,2025-07,Kindergarten,5,4,2025-07-24
ENR001831,FAC0051,2025-08,Preschool,9,3,2025-08-25
ENR001832,FAC0051,2025-08,Toddler,16,13,2025-08-23
ENR001833,FAC0051,2025-09,Preschool,7,5,2025-09-14
ENR001834,FAC0051,2025-09,Infant,8,4,2025-09-04
ENR001835,FAC0051,2025-09,School-Age,10,7,2025-09-10
ENR001836,FAC0051,2025-10,Infant,12,10,2025-10-23
ENR001837,FAC0051,2025-10,Kindergarten,7,4,2025-10-28
ENR001838,FAC0051,2025-11,Toddler,10,6,2025-11-12
ENR001839,FAC0051,2025-11,School-Age,9,7,2025-11-20
ENR001840,FAC0051,2025-11,Infant,7,6,2025-11-20
ENR001841,FAC0051,2025-11,Kindergarten,4,2,2025-11-19
ENR001842,FAC0051,2025-12,Toddler,6,3,2025-12-08
ENR001843,FAC0051,2025-12,Kindergarten,8,3,2025-12-26
ENR001844,FAC0051,2025-12,Preschool,8,6,2025-12-25
ENR001845,FAC0052,2025-01,School-Age,16,14,2025-01-10
ENR001846,FAC0052,2025-01,Toddler,21,12,2025-01-17
ENR001847,FAC0052,2025-01,Infant,27,22,2025-01-22
ENR001848,FAC0052,2025-02,Infant,17,7,2025-02-03
ENR001849,FAC0052,2025-02,School-Age,20,15,2025-02-10
ENR001850,FAC0052,2025-03,School-Age,19,12,2025-03-25
ENR001851,FAC0052,2025-03,Toddler,7,5,2025-03-18
ENR001852,FAC0052,2025-03,Infant,6,4,2025-03-05
ENR001853,FAC0052,2025-03,Kindergarten,19,16,2025-03-14
ENR001854,FAC0052,2025-04,Preschool,19,16,2025-04-27
ENR001855,FAC0052,2025-04,Kindergarten,17,12,2025-04-25
ENR001856,FAC0052,2025-05,Preschool,24,15,2025-05-22
ENR001857,FAC0052,2025-05,Infant,28,17,2025-05-07
ENR001858,FAC0052,2025-05,Kindergarten,26,21,2025-05-23
ENR001859,FAC0052,2025-06,School-Age,20,12,2025-06-08
ENR001860,FAC0052,2025-06,Preschool,10,9,2025-06-21
ENR001861,FAC0052,2025-06,Infant,13,6,2025-06-03
ENR001862,FAC0052,2025-06,Kindergarten,16,11,2025-06-28
ENR001863,FAC0052,2025-07,School-Age,8,5,2025-07-06
ENR001864,FAC0052,2025-07,Kindergarten,13,7,2025-07-06
ENR001865,FAC0052,2025-07,Infant,6,2,2025-07-04
ENR001866,FAC0052,2025-07,Preschool,20,12,2025-07-05
ENR001867,FAC0052,2025-08,Infant,30,23,2025-08-12
ENR001868,FAC0052,2025-08,Kindergarten,43,38,2025-08-03
ENR001869,FAC0052,2025-09,School-Age,34,23,2025-09-24
ENR001870,FAC0052,2025-09,Preschool,33,17,2025-09-18
ENR001871,FAC0052,2025-10,Infant,7,2,2025-10-20
ENR001872,FAC0052,2025-10,Preschool,4,2,2025-10-20
ENR001873,FAC0052,2025-10,Toddler,9,4,2025-10-08
ENR001874,FAC0052,2025-10,School-Age,6,2,2025-10-14
ENR001875,FAC0052,2025-11,School-Age,18,8,2025-11-06
ENR001876,FAC0052,2025-11,Toddler,25,17,2025-11-13
ENR001877,FAC0052,2025-11,Infant,20,12,2025-11-15
ENR001878,FAC0052,2025-12,Preschool,10,9,2025-12-09
ENR001879,FAC0052,2025-12,School-Age,6,3,2025-12-26
ENR001880,FAC0052,2025-12,Toddler,12,8,2025-12-27
ENR001881,FAC0052,2025-12,Kindergarten,11,9,2025-12-09
ENR001882,FAC8888,2025-03,Toddler,12,9,2025-03-15
ENR001883,FAC8888,2025-04,Toddler,12,9,2025-04-15
