claim_id,facility_id,claim_month,claimed_children,claim_amount,submitted_date,claim_status
CLM000001,FAC0001,2025-01,33,12700.00,2025-01-25,Approved
CLM000002,FAC0001,2025-02,24,14800.00,2025-02-23,Approved
CLM000003,FAC0001,2025-03,28,18400.00,2025-03-21,Approved
CLM000004,FAC0001,2025-04,18,10800.00,2025-04-24,Approved
CLM000005,FAC0001,2025-05,24,11600.00,2025-05-25,Approved
CLM000006,FAC0001,2025-06,41,31700.00,02/25/2025,Approved
CLM000007,FAC0001,2025-07,20,17800.00,2025-07-26,Approved
CLM000008,FAC0001,2025-08,21,16700.00,2025-08-25,Approved
CLM000009,FAC0001,2025-09,24,19800.00,2025-09-24,Approved
CLM000010,FAC0001,2025-10,35,22700.00,2025-10-28,Approved
CLM000011,FAC0001,2025-11,34,"$12,450.00",2025-11-27,Approved
CLM000012,FAC0001,2025-12,25,20100.00,2025-12-21,Approved
CLM000013,FAC0002,2025-01,72,49400.00,2025-01-26,Approved
CLM000014,FAC0002,2025-02,66,45400.00,2025-02-22,Approved
CLM000015,FAC0002,2025-03,23,25300.00,2025-03-26,Approved
CLM000016,FAC0002,2025-04,48,50600.00,2025-04-27,Approved
CLM000017,FAC0002,2025-05,39,23700.00,2025-05-25,Approved
CLM000018,FAC0002,2025-06,73,53900.00,2025-06-23,Approved
CLM000019,FAC0002,2025-07,64,35200.00,2025-07-26,Approved
CLM000020,FAC0002,2025-08,39,39300.00,2025-08-23,Approved
CLM000021,FAC0002,2025-09,45,32700.00,2025-09-22,Approved
CLM000022,FAC0002,2025-10,62,43800.00,2025-10-22,Approved
CLM000023,FAC0002,2025-11,40,32200.00,2025-11-21,Rejected
CLM000024,FAC0002,2025-12,36,25200.00,2025-12-23,Approved
CLM000025,FAC0003,2025-01,45,47900.00,2025-01-25,Approved
CLM000026,FAC0003,2025-02,76,57400.00,2025-02-22,Approved
CLM000027,FAC0003,2025-03,32,27000.00,2025-03-26,Approved
CLM000028,FAC0003,2025-04,37,31700.00,2025-04-25,Approved
CLM000029,FAC0003,2025-05,46,31400.00,2025-05-21,Approved
CLM000030,FAC0003,2025-06,50,32000.00,2025-06-27,Approved
CLM000031,FAC0003,2025-07,83,41900.00,2025-07-26,Approved
CLM000032,FAC0003,2025-08,43,34500.00,2025-08-24,Approved
CLM000033,FAC0003,2025-09,40,26800.00,2025-09-28,Approved
CLM000034,FAC0003,2025-10,43,25500.00,2025-10-27,Pending
CLM000035,FAC0003,2025-11,72,56200.00,2025-11-26,Approved
CLM000036,FAC0003,2025-12,29,23500.00,2025-12-26,Approved
CLM000037,FAC0004,2025-01,43,23700.00,2025-01-26,Approved
CLM000038,FAC0004,2025-02,64,40800.00,2025-02-27,Approved
CLM000039,FAC0004,2025-03,121,94500.00,2025-03-27,Approved
CLM000040,FAC0004,2025-04,75,53300.00,2025-04-25,Approved
CLM000041,FAC0004,2025-05,102,75000.00,2025-05-25,Approved
CLM000042,FAC0004,2025-06,48,31200.00,2025-06-27,Approved
CLM000043,FAC0004,2025-07,62,42200.00,2025-07-28,Approved
CLM000044,FAC0004,2025-08,69,42900.00,2025-08-25,Approved
CLM000045,FAC0004,2025-09,67,46500.00,2025-09-22,Pending
CLM000046,FAC0004,2025-10,69,47900.00,2025-10-23,Approved
CLM000047,FAC0004,2025-11,99,82300.00,2025-11-22,Approved
CLM000048,FAC0004,2025-12,49,23100.00,2025-12-22,Approved
CLM000049,FAC0005,2025-01,46,25000.00,2025-01-24,Approved
CLM000050,FAC0005,2025-02,102,88200.00,2025-02-21,Approved
CLM000051,FAC0005,2025-03,49,36500.00,2025-03-21,Approved
CLM000052,FAC0005,2025-04,71,41500.00,2025-04-27,Approved
CLM000053,FAC0005,2025-05,38,27800.00,2025-05-25,Pending
CLM000054,FAC0005,2025-06,71,50900.00,2025-06-27,Approved
CLM000055,FAC0005,2025-07,51,30500.00,2025-07-21,Approved
CLM000056,FAC0005,2025-08,54,"$8,900.50",2025-08-25,Approved
CLM000057,FAC0005,2025-09,46,34400.00,2025-09-26,Approved
CLM000058,FAC0005,2025-10,92,55400.00,2025-10-21,Approved
CLM000059,FAC0005,2025-11,54,39600.00,2025-11-26,Approved
CLM000060,FAC0005,2025-12,50,34600.00,2025-12-21,Approved
CLM000061,FAC0006,2025-01,11,8100.00,2025-01-25,Approved
CLM000062,FAC0006,2025-02,12,8200.00,2025-02-22,Approved
CLM000063,FAC0006,2025-03,29,18500.00,2025-03-20,Approved
CLM000064,FAC0006,2025-04,31,20300.00,2025-04-21,Approved
CLM000065,FAC0006,2025-05,22,14600.00,2025-05-26,Approved
CLM000066,FAC0006,2025-06,33,22900.00,2025-06-25,Approved
CLM000067,FAC0006,2025-07,23,9100.00,2025-07-25,Approved
CLM000068,FAC0006,2025-08,13,8300.00,2025-08-27,Approved
CLM000069,FAC0006,2025-09,24,17200.00,2025-09-27,Approved
CLM000070,FAC0006,2025-10,21,20100.00,2025-10-26,Approved
CLM000071,FAC0006,2025-11,18,14800.00,2025-11-28,Approved
CLM000072,FAC0006,2025-12,20,18200.00,2025-12-28,Approved
CLM000073,FAC0007,2025-01,25,18500.00,2025-01-28,Approved
CLM000074,FAC0007,2025-02,25,26900.00,2025-02-24,Approved
CLM000075,FAC0007,2025-03,23,15500.00,2025-03-23,Approved
CLM000076,FAC0007,2025-04,15,10100.00,2025-04-20,Approved
CLM000077,FAC0007,2025-05,18,10600.00,2025-05-22,Approved
CLM000078,FAC0007,2025-06,23,"9,150.00",2025-06-25,Pending
CLM000079,FAC0007,2025-07,19,12500.00,2025-07-21,Approved
CLM000080,FAC0007,2025-08,27,11900.00,2025-08-20,Approved
CLM000081,FAC0007,2025-09,26,23600.00,2025-09-21,Approved
CLM000082,FAC0007,2025-10,31,12300.00,2025-10-24,Approved
CLM000083,FAC0007,2025-11,34,30600.00,2025-11-24,Approved
CLM000084,FAC0007,2025-12,7,3700.00,2025-12-23,Approved
CLM000085,FAC0008,2025-01,14,7400.00,2025-01-25,Approved
CLM000086,FAC0008,2025-02,17,9300.00,2025-02-23,Approved
CLM000087,FAC0008,2025-03,14,8400.00,2025-03-27,Approved
CLM000088,FAC0008,2025-04,20,15600.00,2025-04-20,Approved
CLM000089,FAC0008,2025-05,10,4600.00,2025/09/26,Approved
CLM000090,FAC0008,2025-06,17,9100.00,2025-06-27,Rejected
CLM000091,FAC0008,2025-07,17,14700.00,2025-07-26,Rejected
CLM000092,FAC0008,2025-08,22,15200.00,2025-08-27,Approved
CLM000093,FAC0008,2025-09,22,14000.00,2025-09-27,Approved
CLM000094,FAC0008,2025-10,16,11800.00,2025-10-22,Approved
CLM000095,FAC0008,2025-11,17,12500.00,2025-11-25,Approved
CLM000096,FAC0008,2025-12,16,11400.00,2025-12-23,Approved
CLM000097,FAC0009,2025-01,15,8900.00,2025-01-21,Approved
CLM000098,FAC0009,2025-02,10,6400.00,2025-02-27,Approved
CLM000099,FAC0009,2025-03,18,13000.00,2025-03-28,Approved
CLM000100,FAC0009,2025-04,13,10500.00,2025-04-21,Approved
CLM000101,FAC0009,2025-05,26,20600.00,2025-05-24,Approved
CLM000102,FAC0009,2025-06,21,11500.00,2025-06-23,Approved
CLM000103,FAC0009,2025-07,11,4500.00,2025-07-27,Approved
CLM000104,FAC0009,2025-08,22,16800.00,2025-08-25,Approved
CLM000105,FAC0009,2025-09,27,17100.00,2025-09-22,Approved
CLM000106,FAC0009,2025-10,12,7800.00,2025-10-28,Approved
CLM000107,FAC0009,2025-11,19,16100.00,2025-11-20,Approved
CLM000108,FAC0009,2025-12,19,11300.00,2025-12-21,Approved
CLM000109,FAC0010,2025-01,18,14400.00,2025-01-22,Approved
CLM000110,FAC0010,2025-02,29,25300.00,2025-02-21,Approved
CLM000111,FAC0010,2025-03,18,12400.00,2025-03-21,Approved
CLM000112,FAC0010,2025-04,23,17900.00,2025-04-22,Approved
CLM000113,FAC0010,2025-05,25,26100.00,2025-05-23,Approved
CLM000114,FAC0010,2025-06,13,7500.00,2025-06-25,Approved
CLM000115,FAC0010,2025-07,21,12100.00,2025-07-21,Approved
CLM000116,FAC0010,2025-08,21,14700.00,2025-08-26,Approved
CLM000117,FAC0010,2025-09,13,6900.00,2025-09-26,Approved
CLM000118,FAC0010,2025-10,34,25200.00,2025-10-28,Approved
CLM000119,FAC0010,2025-11,25,17700.00,2025-11-22,Approved
CLM000120,FAC0010,2025-12,22,14800.00,2025-12-21,Approved
CLM000121,FAC0011,2025-01,21,12700.00,2025-01-25,Pending
CLM000122,FAC0011,2025-02,7,3700.00,2025-02-23,Approved
CLM000123,FAC0011,2025-03,10,8000.00,2025-03-24,Approved
CLM000124,FAC0011,2025-04,16,11400.00,2025-04-20,Approved
CLM000125,FAC0011,2025-05,13,8300.00,2025-05-27,Approved
CLM000126,FAC0011,2025-06,26,16400.00,2025-06-21,Approved
CLM000127,FAC0011,2025-07,16,9800.00,2025-07-26,Approved
CLM000128,FAC0011,2025-08,11,7500.00,2025-08-21,Approved
CLM000129,FAC0011,2025-09,11,7100.00,2025-09-27,Approved
CLM000130,FAC0011,2025-10,16,17000.00,2025-10-26,Approved
CLM000131,FAC0011,2025-11,14,8200.00,2025-11-23,Approved
CLM000132,FAC0011,2025-12,13,8900.00,2025-12-28,Approved
CLM000133,FAC0012,2025-01,21,16900.00,2025-01-22,Approved
CLM000134,FAC0012,2025-02,8,4600.00,2025-02-21,Approved
CLM000135,FAC0012,2025-03,19,10300.00,2025-03-28,Approved
CLM000136,FAC0012,2025-04,11,6500.00,2025-04-20,Approved
CLM000137,FAC0012,2025-05,15,10300.00,2025-05-24,Approved
CLM000138,FAC0012,2025-06,10,8000.00,2025-06-22,Approved
CLM000139,FAC0012,2025-07,17,9700.00,2025-07-26,Approved
CLM000140,FAC0012,2025-08,19,10900.00,2025-08-23,Approved
CLM000141,FAC0012,2025-09,15,9100.00,2025-09-20,Approved
CLM000142,FAC0012,2025-10,18,14400.00,2025-10-24,Approved
CLM000143,FAC0012,2025-11,22,15000.00,2025-11-20,Approved
CLM000144,FAC0012,2025-12,15,9900.00,2025-12-21,Approved
CLM000145,FAC0014,2025-01,14,11000.00,2025-01-22,Approved
CLM000146,FAC0014,2025-02,14,8200.00,2025-02-20,Approved
CLM000147,FAC0014,2025-03,12,7400.00,2025-03-24,Approved
CLM000148,FAC0014,2025-04,14,8600.00,2025-04-20,Approved
CLM000149,FAC0014,2025-05,8,5400.00,2025-05-27,Approved
CLM000150,FAC0014,2025-06,19,15700.00,2025-06-20,Approved
CLM000151,FAC0014,2025-07,15,14100.00,2025-07-24,Approved
CLM000152,FAC0014,2025-08,13,10700.00,2025-08-22,Approved
CLM000153,FAC0014,2025-09,9,3500.00,2025-09-25,Pending
CLM000154,FAC0014,2025-10,12,9600.00,2025-10-25,Approved
CLM000155,FAC0014,2025-11,10,9200.00,2025-11-23,Approved
CLM000156,FAC0014,2025-12,15,8300.00,2025-12-28,Approved
CLM000157,FAC0015,2025-01,12,8800.00,2025-01-27,Approved
CLM000158,FAC0015,2025-02,14,9000.00,2025-02-26,Approved
CLM000159,FAC0015,2025-03,22,18800.00,2025-03-21,Approved
CLM000160,FAC0015,2025-04,16,11800.00,2025-04-20,Approved
CLM000161,FAC0015,2025-05,17,12100.00,2025-05-21,Approved
CLM000162,FAC0015,2025-06,14,12600.00,2025-06-20,Approved
CLM000163,FAC0015,2025-07,22,15000.00,2025-07-20,Approved
CLM000164,FAC0015,2025-08,26,16800.00,2025-08-23,Approved
CLM000165,FAC0015,2025-09,19,13100.00,2025-09-22,Approved
CLM000166,FAC0015,2025-10,8,4800.00,2025-10-27,Approved
CLM000167,FAC0015,2025-11,17,12100.00,2025-11-25,Approved
CLM000168,FAC0015,2025-12,12,7400.00,2025-12-28,Approved
CLM000169,FAC0016,2025-01,77,67900.00,2025-01-26,Approved
CLM000170,FAC0016,2025-02,54,32200.00,2025-02-27,Pending
CLM000171,FAC0016,2025-03,44,25800.00,2025-03-24,Approved
CLM000172,FAC0016,2025-04,48,21600.00,2025-04-22,Approved
CLM000173,FAC0016,2025-05,21,11900.00,2025-05-27,Approved
CLM000174,FAC0016,2025-06,52,38800.00,2025-06-28,Approved
CLM000175,FAC0016,2025-07,50,23200.00,2025-07-20,Approved
CLM000176,FAC0016,2025-08,35,13500.00,2025-08-25,Approved
CLM000177,FAC0016,2025-09,52,32200.00,2025-09-28,Approved
CLM000178,FAC0016,2025-10,24,20400.00,2025-10-25,Approved
CLM000179,FAC0016,2025-11,64,63600.00,2025-11-22,Approved
CLM000180,FAC0016,2025-12,49,26900.00,2025-12-25,Approved
CLM000181,FAC0017,2025-01,43,31900.00,2025-01-27,Approved
CLM000182,FAC0017,2025-02,24,13000.00,2025-02-22,Approved
CLM000183,FAC0017,2025-03,15,5700.00,2025-03-20,Approved
CLM000184,FAC0017,2025-04,53,32500.00,2025-04-24,Approved
CLM000185,FAC0017,2025-05,20,18800.00,2025-05-23,Approved
CLM000186,FAC0017,2025-06,73,45100.00,2025-06-23,Approved
CLM000187,FAC0017,2025-07,39,30700.00,2025-07-25,Approved
CLM000188,FAC0017,2025-08,62,60000.00,2025-08-23,Approved
CLM000189,FAC0017,2025-09,39,24100.00,2025-09-20,Approved
CLM000190,FAC0017,2025-10,61,45900.00,2025-10-22,Approved
CLM000191,FAC0017,2025-11,54,27000.00,2025-11-25,Pending
CLM000192,FAC0017,2025-12,22,17200.00,2025-12-20,Approved
CLM000193,FAC0018,2025-01,27,20700.00,2025-01-27,Approved
CLM000194,FAC0018,2025-02,19,11500.00,2025-02-20,Approved
CLM000195,FAC0018,2025-03,10,8400.00,2025-03-20,Approved
CLM000196,FAC0018,2025-04,16,11600.00,2025-04-26,Approved
CLM000197,FAC0018,2025-05,20,16800.00,2025-05-20,Approved
CLM000198,FAC0018,2025-06,22,18200.00,2025-06-26,Approved
CLM000199,FAC0018,2025-07,20,11800.00,2025-07-24,Approved
CLM000200,FAC0018,2025-08,20,14800.00,2025-08-25,Approved
CLM000201,FAC0018,2025-09,14,12000.00,2025-09-24,Approved
CLM000202,FAC0018,2025-10,22,12000.00,2025-10-20,Approved
CLM000203,FAC0018,2025-11,9,9300.00,2025-11-21,Approved
CLM000204,FAC0018,2025-12,17,10100.00,2025-12-23,Approved
CLM000205,FAC0019,2025-01,15,12300.00,2025-01-20,Approved
CLM000206,FAC0019,2025-02,18,14400.00,2025-02-27,Approved
CLM000207,FAC0019,2025-03,27,20100.00,2025-03-26,Approved
CLM000208,FAC0019,2025-04,16,11600.00,2025-04-21,Approved
CLM000209,FAC0019,2025-05,15,9300.00,2025-05-23,Approved
CLM000210,FAC0019,2025-06,29,16700.00,2025-06-24,Approved
CLM000211,FAC0019,2025-07,13,8900.00,2025-07-27,Approved
CLM000212,FAC0019,2025-08,18,11400.00,2025-08-26,Approved
CLM000213,FAC0019,2025-09,22,15400.00,2025-09-27,Approved
CLM000214,FAC0019,2025-10,17,12100.00,2025-10-28,Pending
CLM000215,FAC0019,2025-11,19,11100.00,2025-11-21,Approved
CLM000216,FAC0019,2025-12,24,11000.00,2025-12-25,Approved
CLM000217,FAC0020,2025-01,41,29500.00,2025-01-28,Approved
CLM000218,FAC0020,2025-02,29,20300.00,2025-02-24,Approved
CLM000219,FAC0020,2025-03,17,13300.00,2025-03-28,Approved
CLM000220,FAC0020,2025-04,37,27900.00,2025-04-21,Approved
CLM000221,FAC0020,2025-05,60,39000.00,2025-05-21,Approved
CLM000222,FAC0020,2025-06,33,20300.00,2025-06-26,Approved
CLM000223,FAC0020,2025-07,26,20600.00,2025-07-28,Approved
CLM000224,FAC0020,2025-08,30,20800.00,2025-08-23,Pending
CLM000225,FAC0020,2025-09,38,27000.00,2025-09-28,Approved
CLM000226,FAC0020,2025-10,21,16100.00,2025-10-26,Approved
CLM000227,FAC0020,2025-11,32,26800.00,2025-11-21,Approved
CLM000228,FAC0020,2025-12,20,12200.00,2025-12-25,Approved
CLM000229,FAC0021,2025-01,41,33100.00,2025-01-23,Approved
CLM000230,FAC0021,2025-02,35,14900.00,2025-02-23,Pending
CLM000231,FAC0021,2025-03,31,16900.00,2025-03-23,Rejected
CLM000232,FAC0021,2025-04,36,22000.00,2025-04-20,Approved
CLM000233,FAC0021,2025-05,55,40900.00,2025-05-27,Approved
CLM000234,FAC0021,2025-06,61,43700.00,2025-06-28,Approved
CLM000235,FAC0021,2025-07,28,24400.00,2025-07-28,Approved
CLM000236,FAC0021,2025-08,35,28300.00,2025-08-28,Approved
CLM000237,FAC0021,2025-09,48,41800.00,2025-09-23,Approved
CLM000238,FAC0021,2025-10,35,23900.00,2025-10-24,Approved
CLM000239,FAC0021,2025-11,28,22400.00,2025-11-26,Rejected
CLM000240,FAC0021,2025-12,61,52700.00,2025-12-21,Approved
CLM000241,FAC0022,2025-01,86,65000.00,2025-01-23,Approved
CLM000242,FAC0022,2025-02,85,41500.00,2025-02-26,Approved
CLM000243,FAC0022,2025-03,44,25200.00,2025-03-24,Pending
CLM000244,FAC0022,2025-04,76,63600.00,2025-04-20,Approved
CLM000245,FAC0022,2025-05,51,29900.00,2025-05-25,Approved
CLM000246,FAC0022,2025-06,78,47400.00,2025-06-24,Approved
CLM000247,FAC0022,2025-07,53,48700.00,2025-07-20,Approved
CLM000248,FAC0022,2025-08,79,49100.00,2025-08-26,Approved
CLM000249,FAC0022,2025-09,84,62800.00,2025-09-26,Approved
CLM000250,FAC0022,2025-10,39,24900.00,2025-10-25,Approved
CLM000251,FAC0022,2025-11,46,42200.00,2025-11-25,Approved
CLM000252,FAC0022,2025-12,78,53600.00,2025-12-23,Pending
CLM000253,FAC0023,2025-01,36,24800.00,2025-01-20,Pending
CLM000254,FAC0023,2025-02,26,20800.00,2025-02-22,Approved
CLM000255,FAC0023,2025-03,104,41200.00,2025-03-26,Approved
CLM000256,FAC0023,2025-04,53,38100.00,2025-04-28,Approved
CLM000257,FAC0023,2025-05,38,25000.00,2025-05-22,Approved
CLM000258,FAC0023,2025-06,84,45800.00,2025-06-28,Approved
CLM000259,FAC0023,2025-07,55,28100.00,2025-07-22,Approved
CLM000260,FAC0023,2025-08,24,23200.00,2025-08-23,Approved
CLM000261,FAC0023,2025-09,41,29300.00,2025-09-23,Approved
CLM000262,FAC0023,2025-10,38,17000.00,2025-10-27,Approved
CLM000263,FAC0023,2025-11,81,49100.00,2025-11-23,Pending
CLM000264,FAC0023,2025-12,53,47100.00,2025-12-27,Approved
CLM000265,FAC0024,2025-01,46,33400.00,2025-01-27,Approved
CLM000266,FAC0024,2025-02,37,30700.00,2025-02-25,Approved
CLM000267,FAC0024,2025-03,32,16600.00,2025-03-21,Approved
CLM000268,FAC0024,2025-04,54,19600.00,2025-04-26,Approved
CLM000269,FAC0024,2025-05,50,40600.00,2025-05-20,Approved
CLM000270,FAC0024,2025-06,71,36100.00,2025-06-24,Approved
CLM000271,FAC0024,2025-07,37,34300.00,2025-07-24,Approved
CLM000272,FAC0024,2025-08,75,44700.00,2025-08-21,Approved
CLM000273,FAC0024,2025-09,57,41500.00,2025-09-28,Pending
CLM000274,FAC0024,2025-10,42,22400.00,2025-10-26,Approved
CLM000275,FAC0024,2025-11,67,43900.00,2025-11-25,Approved
CLM000276,FAC0024,2025-12,36,15600.00,2025-12-27,Pending
CLM000277,FAC0025,2025-01,31,21900.00,2025-01-22,Approved
CLM000278,FAC0025,2025-02,37,30900.00,2025-02-22,Approved
CLM000279,FAC0025,2025-03,28,15600.00,2025-03-27,Approved
CLM000280,FAC0025,2025-04,33,23100.00,2025-04-21,Pending
CLM000281,FAC0025,2025-05,23,11900.00,2025-05-22,Approved
CLM000282,FAC0025,2025-06,24,17200.00,2025-06-22,Approved
CLM000283,FAC0025,2025-07,25,13500.00,2025-07-20,Rejected
CLM000284,FAC0025,2025-08,23,15700.00,2025-08-28,Rejected
CLM000285,FAC0025,2025-09,26,21800.00,2025-09-28,Approved
CLM000286,FAC0025,2025-10,28,17800.00,2025-10-22,Approved
CLM000287,FAC0025,2025-11,23,12100.00,2025-11-25,Approved
CLM000288,FAC0025,2025-12,14,14200.00,2025-12-22,Approved
CLM000289,FAC0026,2025-01,32,15400.00,2025-01-27,Approved
CLM000290,FAC0026,2025-02,24,17000.00,2025-02-21,Approved
CLM000291,FAC0026,2025-03,34,27400.00,2025-03-26,Approved
CLM000292,FAC0026,2025-04,26,13600.00,2025-04-28,Approved
CLM000293,FAC0026,2025-05,13,8300.00,2025-05-28,Rejected
CLM000294,FAC0026,2025-06,27,14100.00,2025-06-27,Approved
CLM000295,FAC0026,2025-07,14,11800.00,2025-07-27,Approved
CLM000296,FAC0026,2025-08,16,8800.00,2025-08-24,Approved
CLM000297,FAC0026,2025-09,21,18700.00,2025-09-27,Approved
CLM000298,FAC0026,2025-10,17,7500.00,2025-10-26,Approved
CLM000299,FAC0026,2025-11,24,22400.00,2025-11-27,Approved
CLM000300,FAC0026,2025-12,5,3700.00,2025-12-28,Approved
CLM000301,FAC0027,2025-01,44,34200.00,2025-01-23,Approved
CLM000302,FAC0027,2025-02,61,40900.00,2025-02-26,Approved
CLM000303,FAC0027,2025-03,36,37800.00,2025-03-25,Pending
CLM000304,FAC0027,2025-04,24,14000.00,2025-04-22,Approved
CLM000305,FAC0027,2025-05,75,58500.00,2025-05-21,Approved
CLM000306,FAC0027,2025-06,82,57400.00,2025-06-23,Approved
CLM000307,FAC0027,2025-07,68,55600.00,2025-07-27,Approved
CLM000308,FAC0027,2025-08,29,17500.00,2025-08-25,Approved
CLM000309,FAC0027,2025-09,95,50900.00,2025-09-23,Rejected
CLM000310,FAC0027,2025-10,36,20800.00,2025-10-21,Approved
CLM000311,FAC0027,2025-11,63,43300.00,2025-11-23,Approved
CLM000312,FAC0027,2025-12,22,13400.00,2025-12-24,Approved
CLM000313,FAC0028,2025-01,44,33800.00,2025-01-22,Approved
CLM000314,FAC0028,2025-02,31,29300.00,2025-02-28,Approved
CLM000315,FAC0028,2025-03,34,18800.00,2025-03-24,Pending
CLM000316,FAC0028,2025-04,36,27600.00,2025-04-23,Approved
CLM000317,FAC0028,2025-05,27,22300.00,2025-05-26,Approved
CLM000318,FAC0028,2025-06,64,42400.00,2025-06-26,Pending
CLM000319,FAC0028,2025-07,35,18100.00,2025-07-26,Approved
CLM000320,FAC0028,2025-08,40,22000.00,2025-08-23,Approved
CLM000321,FAC0028,2025-09,38,23400.00,2025-09-27,Approved
CLM000322,FAC0028,2025-10,42,34800.00,2025-10-21,Approved
CLM000323,FAC0028,2025-11,47,33500.00,2025-11-25,Approved
CLM000324,FAC0028,2025-12,21,19100.00,2025-12-21,Approved
CLM000325,FAC0029,2025-01,27,20300.00,2025-01-28,Approved
CLM000326,FAC0029,2025-02,15,11300.00,2025-02-24,Approved
CLM000327,FAC0029,2025-03,35,19300.00,2025-03-23,Approved
CLM000328,FAC0029,2025-04,32,24200.00,2025-04-25,Approved
CLM000329,FAC0029,2025-05,38,32200.00,2025-05-25,Pending
CLM000330,FAC0029,2025-06,28,20000.00,2025-06-25,Approved
CLM000331,FAC0029,2025-07,39,20900.00,2025-07-26,Approved
CLM000332,FAC0029,2025-08,32,24200.00,2025-08-23,Rejected
CLM000333,FAC0029,2025-09,29,24300.00,2025-09-25,Pending
CLM000334,FAC0029,2025-10,49,37700.00,2025-10-20,Approved
CLM000335,FAC0029,2025-11,23,12300.00,2025-11-24,Approved
CLM000336,FAC0029,2025-12,32,23400.00,2025-12-27,Pending
CLM000337,FAC0030,2025-01,14,9400.00,2025-01-23,Approved
CLM000338,FAC0030,2025-02,11,5700.00,2025-02-22,Approved
CLM000339,FAC0030,2025-03,35,22100.00,2025-03-28,Approved
CLM000340,FAC0030,2025-04,25,11700.00,2025-04-22,Approved
CLM000341,FAC0030,2025-05,19,14700.00,2025-05-28,Approved
CLM000342,FAC0030,2025-06,18,13400.00,2025-06-27,Approved
CLM000343,FAC0030,2025-07,33,17500.00,2025-07-26,Approved
CLM000344,FAC0030,2025-08,13,6700.00,2025-08-20,Approved
CLM000345,FAC0030,2025-09,24,22200.00,2025-09-25,Approved
CLM000346,FAC0030,2025-10,12,9400.00,2025-10-25,Approved
CLM000347,FAC0030,2025-11,25,23500.00,2025-11-28,Approved
CLM000348,FAC0030,2025-12,16,8800.00,2025-12-22,Approved
CLM000349,FAC0031,2025-01,46,18600.00,2025-01-27,Approved
CLM000350,FAC0031,2025-02,46,27000.00,2025-02-28,Approved
CLM000351,FAC0031,2025-03,37,29500.00,2025-03-24,Approved
CLM000352,FAC0031,2025-04,44,38000.00,2025-04-27,Rejected
CLM000353,FAC0031,2025-05,40,26000.00,2025-05-28,Approved
CLM000354,FAC0031,2025-06,44,37800.00,2025-06-23,Rejected
CLM000355,FAC0031,2025-07,44,29600.00,2025-07-24,Approved
CLM000356,FAC0031,2025-08,30,21600.00,2025-08-25,Approved
CLM000357,FAC0031,2025-09,17,16700.00,2025-09-23,Approved
CLM000358,FAC0031,2025-10,32,16600.00,2025-10-20,Pending
CLM000359,FAC0031,2025-11,39,33300.00,2025-11-24,Approved
CLM000360,FAC0031,2025-12,40,21400.00,2025-12-28,Approved
CLM000361,FAC0032,2025-01,71,46900.00,2025-01-21,Approved
CLM000362,FAC0032,2025-02,30,21600.00,2025-02-21,Approved
CLM000363,FAC0032,2025-03,79,76300.00,2025-03-26,Approved
CLM000364,FAC0032,2025-04,48,24600.00,2025-04-24,Approved
CLM000365,FAC0032,2025-05,54,31800.00,2025-05-28,Approved
CLM000366,FAC0032,2025-06,46,33200.00,2025-06-22,Approved
CLM000367,FAC0032,2025-07,53,34900.00,2025-07-23,Pending
CLM000368,FAC0032,2025-08,61,47300.00,2025-08-26,Pending
CLM000369,FAC0032,2025-09,98,58800.00,2025-09-26,Approved
CLM000370,FAC0032,2025-10,44,26600.00,2025-10-28,Approved
CLM000371,FAC0032,2025-11,50,37800.00,2025-11-21,Approved
CLM000372,FAC0032,2025-12,99,75900.00,2025-12-26,Approved
CLM000373,FAC0033,2025-01,49,43300.00,2025-01-24,Approved
CLM000374,FAC0033,2025-02,15,11900.00,2025-02-26,Approved
CLM000375,FAC0033,2025-03,65,42500.00,2025-03-25,Approved
CLM000376,FAC0033,2025-04,30,12400.00,2025-04-26,Approved
CLM000377,FAC0033,2025-05,66,48600.00,2025-05-20,Approved
CLM000378,FAC0033,2025-06,92,55600.00,2025-06-21,Approved
CLM000379,FAC0033,2025-07,39,28700.00,2025-07-23,Approved
CLM000380,FAC0033,2025-08,57,49900.00,2025-08-27,Rejected
CLM000381,FAC0033,2025-09,73,60100.00,2025-09-28,Approved
CLM000382,FAC0033,2025-10,49,27500.00,2025-10-26,Approved
CLM000383,FAC0033,2025-11,22,18200.00,2025-11-20,Approved
CLM000384,FAC0033,2025-12,45,23900.00,2025-12-21,Approved
CLM000385,FAC0034,2025-01,27,21100.00,2025-01-20,Approved
CLM000386,FAC0034,2025-02,11,5700.00,2025-02-20,Approved
CLM000387,FAC0034,2025-03,49,35300.00,2025-03-23,Approved
CLM000388,FAC0034,2025-04,53,38500.00,2025-04-26,Approved
CLM000389,FAC0034,2025-05,43,35900.00,2025-05-27,Approved
CLM000390,FAC0034,2025-06,23,15100.00,2025-06-27,Approved
CLM000391,FAC0034,2025-07,19,14900.00,2025-07-20,Approved
CLM000392,FAC0034,2025-08,46,30200.00,2025-08-25,Approved
CLM000393,FAC0034,2025-09,24,15200.00,2025-09-25,Approved
CLM000394,FAC0034,2025-10,32,19600.00,2025-10-21,Approved
CLM000395,FAC0034,2025-11,17,8300.00,2025-11-27,Approved
CLM000396,FAC0034,2025-12,16,11800.00,2025-12-21,Approved
CLM000397,FAC0035,2025-01,37,20900.00,2025-01-21,Approved
CLM000398,FAC0035,2025-02,25,20900.00,2025-02-27,Approved
CLM000399,FAC0035,2025-03,13,8100.00,2025-03-28,Approved
CLM000400,FAC0035,2025-04,30,16600.00,2025-04-27,Approved
CLM000401,FAC0035,2025-05,26,17200.00,2025-05-25,Approved
CLM000402,FAC0035,2025-06,28,15400.00,2025-06-28,Approved
CLM000403,FAC0035,2025-07,24,16200.00,2025-07-25,Approved
CLM000404,FAC0035,2025-08,42,31800.00,2025-08-28,Approved
CLM000405,FAC0035,2025-09,33,25300.00,2025-09-26,Approved
CLM000406,FAC0035,2025-10,10,8400.00,2025-10-25,Approved
CLM000407,FAC0035,2025-11,33,23900.00,2025-11-25,Approved
CLM000408,FAC0035,2025-12,43,25500.00,2025-12-25,Approved
CLM000409,FAC0036,2025-01,13,5500.00,2025-01-21,Approved
CLM000410,FAC0036,2025-02,10,8000.00,2025-02-26,Rejected
CLM000411,FAC0036,2025-03,18,12600.00,2025-03-27,Pending
CLM000412,FAC0036,2025-04,10,6200.00,2025-04-20,Approved
CLM000413,FAC0036,2025-05,15,6900.00,2025-05-23,Approved
CLM000414,FAC0036,2025-06,13,8700.00,2025-06-24,Approved
CLM000415,FAC0036,2025-07,17,12300.00,2025-07-28,Approved
CLM000416,FAC0036,2025-08,12,9000.00,2025-08-22,Approved
CLM000417,FAC0036,2025-09,13,10900.00,2025-09-23,Approved
CLM000418,FAC0036,2025-10,18,17400.00,2025-10-25,Approved
CLM000419,FAC0036,2025-11,15,8100.00,2025-11-21,Approved
CLM000420,FAC0036,2025-12,18,12000.00,2025-12-23,Approved
CLM000421,FAC0037,2025-01,47,38900.00,2025-01-24,Approved
CLM000422,FAC0037,2025-02,42,25000.00,2025-02-24,Approved
CLM000423,FAC0037,2025-03,63,40100.00,2025-03-27,Approved
CLM000424,FAC0037,2025-04,20,14800.00,2025-04-20,Approved
CLM000425,FAC0037,2025-05,35,24300.00,2025-05-23,Approved
CLM000426,FAC0037,2025-06,43,31100.00,2025-06-28,Approved
CLM000427,FAC0037,2025-07,30,16200.00,2025-07-27,Approved
CLM000428,FAC0037,2025-08,64,39400.00,2025-08-23,Approved
CLM000429,FAC0037,2025-09,35,23100.00,2025-09-24,Approved
CLM000430,FAC0037,2025-10,51,27700.00,2025-10-24,Rejected
CLM000431,FAC0037,2025-11,60,23400.00,2025-11-28,Approved
CLM000432,FAC0037,2025-12,44,25000.00,2025-12-27,Approved
CLM000433,FAC0038,2025-01,32,27400.00,2025-01-27,Pending
CLM000434,FAC0038,2025-02,29,14700.00,2025-02-25,Approved
CLM000435,FAC0038,2025-03,41,34300.00,2025-03-20,Approved
CLM000436,FAC0038,2025-04,51,39100.00,2025-04-20,Approved
CLM000437,FAC0038,2025-05,37,27500.00,2025-05-27,Approved
CLM000438,FAC0038,2025-06,35,18700.00,2025-06-22,Approved
CLM000439,FAC0038,2025-07,51,20300.00,2025-07-23,Approved
CLM000440,FAC0038,2025-08,30,18200.00,2025-08-22,Approved
CLM000441,FAC0038,2025-09,37,24700.00,2025-09-28,Approved
CLM000442,FAC0038,2025-10,32,14800.00,2025-10-22,Approved
CLM000443,FAC0038,2025-11,47,26700.00,2025-11-23,Approved
CLM000444,FAC0038,2025-12,28,17800.00,2025-12-22,Approved
CLM000445,FAC0039,2025-01,48,18200.00,2025-01-25,Approved
CLM000446,FAC0039,2025-02,47,33300.00,2025-02-28,Approved
CLM000447,FAC0039,2025-03,52,48400.00,2025-03-20,Approved
CLM000448,FAC0039,2025-04,90,54000.00,2025-04-27,Approved
CLM000449,FAC0039,2025-05,47,18900.00,2025-05-26,Approved
CLM000450,FAC0039,2025-06,63,39500.00,2025-06-26,Approved
CLM000451,FAC0039,2025-07,56,31800.00,2025-07-24,Approved
CLM000452,FAC0039,2025-08,71,62100.00,2025-08-20,Approved
CLM000453,FAC0039,2025-09,51,28900.00,2025-09-21,Approved
CLM000454,FAC0039,2025-10,50,24200.00,2025-10-24,Approved
CLM000455,FAC0039,2025-11,34,17400.00,2025-11-22,Approved
CLM000456,FAC0039,2025-12,100,64800.00,2025-12-23,Approved
CLM000457,FAC0040,2025-01,31,20700.00,2025-01-21,Approved
CLM000458,FAC0040,2025-02,15,11100.00,2025-02-26,Approved
CLM000459,FAC0040,2025-03,39,25100.00,2025-03-21,Approved
CLM000460,FAC0040,2025-04,20,14400.00,2025-04-20,Approved
CLM000461,FAC0040,2025-05,22,19800.00,2025-05-22,Approved
CLM000462,FAC0040,2025-06,47,42100.00,2025-06-20,Approved
CLM000463,FAC0040,2025-07,13,7700.00,2025-07-25,Approved
CLM000464,FAC0040,2025-08,24,19200.00,2025-08-28,Approved
CLM000465,FAC0040,2025-09,35,25700.00,2025-09-23,Approved
CLM000466,FAC0040,2025-10,31,21900.00,2025-10-22,Approved
CLM000467,FAC0040,2025-11,21,10300.00,2025-11-20,Approved
CLM000468,FAC0040,2025-12,17,13300.00,2025-12-26,Approved
CLM000469,FAC0041,2025-01,11,3900.00,2025-01-20,Approved
CLM000470,FAC0041,2025-02,30,21800.00,2025-02-27,Approved
CLM000471,FAC0041,2025-03,38,26200.00,2025-03-25,Approved
CLM000472,FAC0041,2025-04,18,7800.00,2025-04-26,Approved
CLM000473,FAC0041,2025-05,35,29500.00,2025-05-20,Approved
CLM000474,FAC0041,2025-06,36,30000.00,2025-06-22,Approved
CLM000475,FAC0041,2025-07,26,19400.00,2025-07-20,Approved
CLM000476,FAC0041,2025-08,24,17200.00,2025-08-26,Approved
CLM000477,FAC0041,2025-09,30,20000.00,2025-09-24,Approved
CLM000478,FAC0041,2025-10,29,14300.00,2025-10-22,Approved
CLM000479,FAC0041,2025-11,30,19400.00,2025-11-28,Approved
CLM000480,FAC0041,2025-12,37,25100.00,2025-12-26,Approved
CLM000481,FAC0042,2025-01,25,22700.00,2025-01-25,Approved
CLM000482,FAC0042,2025-02,29,18700.00,2025-02-26,Approved
CLM000483,FAC0042,2025-03,26,19800.00,2025-03-20,Approved
CLM000484,FAC0042,2025-04,16,14600.00,2025-04-25,Approved
CLM000485,FAC0042,2025-05,34,21400.00,2025-05-27,Approved
CLM000486,FAC0042,2025-06,30,17000.00,2025-06-27,Approved
CLM000487,FAC0042,2025-07,44,24600.00,2025-07-26,Pending
CLM000488,FAC0042,2025-08,39,24300.00,2025-08-24,Approved
CLM000489,FAC0042,2025-09,42,22200.00,2025-09-28,Approved
CLM000490,FAC0042,2025-10,50,50000.00,2025-10-25,Approved
CLM000491,FAC0042,2025-11,41,21900.00,2025-11-21,Approved
CLM000492,FAC0042,2025-12,29,25700.00,2025-12-28,Approved
CLM000493,FAC0043,2025-01,26,13800.00,2025-01-26,Approved
CLM000494,FAC0043,2025-02,31,20900.00,2025-02-26,Approved
CLM000495,FAC0043,2025-03,50,35200.00,2025-03-25,Approved
CLM000496,FAC0043,2025-04,29,17500.00,2025-04-22,Approved
CLM000497,FAC0043,2025-05,39,23100.00,2025-05-20,Pending
CLM000498,FAC0043,2025-06,27,13700.00,2025-06-25,Approved
CLM000499,FAC0043,2025-07,60,53000.00,2025-07-28,Approved
CLM000500,FAC0043,2025-08,26,18200.00,2025-08-24,Approved
CLM000501,FAC0043,2025-09,45,44900.00,2025-09-26,Approved
CLM000502,FAC0043,2025-10,40,27400.00,2025-10-24,Pending
CLM000503,FAC0043,2025-11,45,26500.00,2025-11-20,Approved
CLM000504,FAC0043,2025-12,34,27400.00,2025-12-23,Pending
CLM000505,FAC0044,2025-01,63,28100.00,2025-01-21,Approved
CLM000506,FAC0044,2025-02,36,28800.00,2025-02-20,Pending
CLM000507,FAC0044,2025-03,41,17700.00,2025-03-28,Approved
CLM000508,FAC0044,2025-04,23,16100.00,2025-04-26,Pending
CLM000509,FAC0044,2025-05,45,26100.00,2025-05-22,Approved
CLM000510,FAC0044,2025-06,29,18100.00,2025-06-24,Approved
CLM000511,FAC0044,2025-07,54,40600.00,2025-07-24,Approved
CLM000512,FAC0044,2025-08,30,26200.00,2025-08-28,Approved
CLM000513,FAC0044,2025-09,53,37100.00,2025-09-24,Approved
CLM000514,FAC0044,2025-10,52,36800.00,2025-10-26,Approved
CLM000515,FAC0044,2025-11,42,24000.00,2025-11-22,Approved
CLM000516,FAC0044,2025-12,38,27000.00,2025-12-25,Approved
CLM000517,FAC0045,2025-01,18,13800.00,2025-01-24,Approved
CLM000518,FAC0045,2025-02,24,18800.00,2025-02-28,Rejected
CLM000519,FAC0045,2025-03,46,37600.00,2025-03-28,Approved
CLM000520,FAC0045,2025-04,37,34900.00,2025-04-28,Approved
CLM000521,FAC0045,2025-05,38,23400.00,2025-05-21,Rejected
CLM000522,FAC0045,2025-06,38,34200.00,2025-06-20,Approved
CLM000523,FAC0045,2025-07,56,44800.00,2025-07-22,Approved
CLM000524,FAC0045,2025-08,29,19700.00,2025-08-22,Approved
CLM000525,FAC0045,2025-09,9,3300.00,2025-09-21,Approved
CLM000526,FAC0045,2025-10,57,55500.00,2025-10-23,Approved
CLM000527,FAC0045,2025-11,47,22700.00,2025-11-28,Approved
CLM000528,FAC0045,2025-12,40,29400.00,2025-12-28,Approved
CLM000529,FAC0046,2025-01,17,14100.00,2025-01-28,Rejected
CLM000530,FAC0046,2025-02,21,17300.00,2025-02-21,Approved
CLM000531,FAC0046,2025-03,12,10200.00,2025-03-27,Approved
CLM000532,FAC0046,2025-04,26,15400.00,2025-04-23,Approved
CLM000533,FAC0046,2025-05,17,5900.00,2025-05-27,Approved
CLM000534,FAC0046,2025-06,16,8000.00,2025-06-27,Approved
CLM000535,FAC0046,2025-07,8,6400.00,2025-07-26,Approved
CLM000536,FAC0046,2025-08,12,9800.00,2025-08-23,Approved
CLM000537,FAC0046,2025-09,21,15500.00,2025-09-26,Approved
CLM000538,FAC0046,2025-10,21,16300.00,2025-10-21,Approved
CLM000539,FAC0046,2025-11,30,24200.00,2025-11-21,Approved
CLM000540,FAC0046,2025-12,16,8000.00,2025-12-21,Approved
CLM000541,FAC0047,2025-01,22,16200.00,2025-01-24,Approved
CLM000542,FAC0047,2025-02,12,10000.00,2025-02-27,Approved
CLM000543,FAC0047,2025-03,6,4200.00,2025-03-22,Approved
CLM000544,FAC0047,2025-04,12,8800.00,2025-04-23,Approved
CLM000545,FAC0047,2025-05,15,10300.00,2025-05-27,Approved
CLM000546,FAC0047,2025-06,13,8300.00,2025-06-28,Pending
CLM000547,FAC0047,2025-07,25,18700.00,2025-07-22,Approved
CLM000548,FAC0047,2025-08,13,7900.00,2025-08-27,Approved
CLM000549,FAC0047,2025-09,19,9900.00,2025-09-28,Approved
CLM000550,FAC0047,2025-10,23,23500.00,2025-10-28,Approved
CLM000551,FAC0047,2025-11,14,9200.00,2025-11-22,Approved
CLM000552,FAC0047,2025-12,26,17000.00,2025-12-22,Pending
CLM000553,FAC0048,2025-01,20,16800.00,2025-01-26,Approved
CLM000554,FAC0048,2025-02,20,16200.00,2025-02-25,Approved
CLM000555,FAC0048,2025-03,13,9300.00,2025-03-25,Approved
CLM000556,FAC0048,2025-04,15,8300.00,2025-04-28,Approved
CLM000557,FAC0048,2025-05,15,12700.00,2025-05-20,Approved
CLM000558,FAC0048,2025-06,24,15200.00,2025-06-23,Approved
CLM000559,FAC0048,2025-07,23,13700.00,2025-07-23,Approved
CLM000560,FAC0048,2025-08,12,8800.00,2025-08-20,Approved
CLM000561,FAC0048,2025-09,8,6200.00,2025-09-28,Approved
CLM000562,FAC0048,2025-10,16,11600.00,2025-10-20,Approved
CLM000563,FAC0048,2025-11,24,12000.00,2025-11-21,Approved
CLM000564,FAC0048,2025-12,17,11700.00,2025-12-28,Rejected
CLM000565,FAC0049,2025-01,46,25200.00,2025-01-27,Approved
CLM000566,FAC0049,2025-02,31,22100.00,2025-02-27,Approved
CLM000567,FAC0049,2025-03,26,18000.00,2025-03-22,Approved
CLM000568,FAC0049,2025-04,55,53300.00,2025-04-24,Approved
CLM000569,FAC0049,2025-05,26,16600.00,2025-05-27,Approved
CLM000570,FAC0049,2025-06,35,24300.00,2025-06-23,Approved
CLM000571,FAC0049,2025-07,16,13000.00,2025-07-21,Approved
CLM000572,FAC0049,2025-08,52,34200.00,2025-08-24,Approved
CLM000573,FAC0049,2025-09,19,16100.00,2025-09-25,Approved
CLM000574,FAC0049,2025-10,26,19200.00,2025-10-27,Approved
CLM000575,FAC0049,2025-11,20,18800.00,2025-11-20,Approved
CLM000576,FAC0049,2025-12,32,16400.00,2025-12-23,Approved
CLM000577,FAC0050,2025-01,28,20000.00,2025-01-24,Approved
CLM000578,FAC0050,2025-02,18,10000.00,2025-02-25,Approved
CLM000579,FAC0050,2025-03,19,6900.00,2025-03-23,Approved
CLM000580,FAC0050,2025-04,25,20300.00,2025-04-26,Approved
CLM000581,FAC0050,2025-05,26,14600.00,2025-05-27,Approved
CLM000582,FAC0050,2025-06,15,12500.00,2025-06-24,Approved
CLM000583,FAC0050,2025-07,12,5200.00,2025-07-28,Approved
CLM000584,FAC0050,2025-08,24,25600.00,2025-08-24,Approved
CLM000585,FAC0050,2025-09,13,11300.00,2025-09-20,Approved
CLM000586,FAC0050,2025-10,27,20500.00,2025-10-23,Approved
CLM000587,FAC0050,2025-11,29,16900.00,2025-11-24,Approved
CLM000588,FAC0050,2025-12,31,29100.00,2025-12-28,Approved
CLM000589,FAC0051,2025-01,16,13400.00,2025-01-25,Approved
CLM000590,FAC0051,2025-02,12,8000.00,2025-02-21,Approved
CLM000591,FAC0051,2025-03,13,11500.00,2025-03-22,Approved
CLM000592,FAC0051,2025-04,24,14000.00,2025-04-21,Approved
CLM000593,FAC0051,2025-05,12,7200.00,2025-05-28,Approved
CLM000594,FAC0051,2025-06,25,17500.00,2025-06-20,Approved
CLM000595,FAC0051,2025-07,16,12200.00,2025-07-21,Approved
CLM000596,FAC0051,2025-08,16,13800.00,2025-08-27,Approved
CLM000597,FAC0051,2025-09,16,10000.00,2025-09-28,Approved
CLM000598,FAC0051,2025-10,14,13000.00,2025-10-23,Approved
CLM000599,FAC0051,2025-11,21,15100.00,2025-11-21,Approved
CLM000600,FAC0051,2025-12,12,8400.00,2025-12-23,Approved
CLM000601,FAC0052,2025-01,48,39200.00,2025-01-25,Approved
CLM000602,FAC0052,2025-02,22,12200.00,2025-02-25,Approved
CLM000603,FAC0052,2025-03,37,20500.00,2025-03-21,Rejected
CLM000604,FAC0052,2025-04,28,17200.00,2025-04-24,Approved
CLM000605,FAC0052,2025-05,53,39700.00,2025-05-23,Approved
CLM000606,FAC0052,2025-06,38,22000.00,2025-06-25,Approved
CLM000607,FAC0052,2025-07,26,15600.00,2025-07-26,Approved
CLM000608,FAC0052,2025-08,61,44300.00,2025-08-22,Approved
CLM000609,FAC0052,2025-09,40,18800.00,2025-09-21,Pending
CLM000610,FAC0052,2025-10,10,7800.00,2025-10-21,Approved
CLM000611,FAC0052,2025-11,37,30900.00,2025-11-21,Pending
CLM000612,FAC0052,2025-12,29,18900.00,2025-12-26,Approved
CLM000613,FAC0003,2025-07,83,41900.00,2025-07-28,Approved
